Component,Feature,AbsoluteLoading,PC1,PC2,PC3,PC4,PC5,PC6,PC7,PC8,PC9,PC10,PC11,PC12,PC13,PC14,PC15,PC16,PC17,PC18,PC19,PC20,PC21,PC22,PC23,PC24,PC25,PC26,PC27,PC28,PC29,PC30,PC31,PC32,PC33,PC34,PC35,PC36,PC37,PC38,PC39,PC40,PC41,PC42,PC43,PC44,PC45,PC46,PC47,PC48,PC49,PC50,PC51
PC1,OddsDifference_HvA,0.2430717464117775,0.2430717464117775,,,,,,,,,,,,,,,,,,,,,,,,,,,,,,,,,,,,,,,,,,,,,,,,,,
PC1,Bet365HomeWinOddsPercentage,0.24289345358019432,0.24289345358019432,,,,,,,,,,,,,,,,,,,,,,,,,,,,,,,,,,,,,,,,,,,,,,,,,,
PC1,Bet365AwayWinOddsPercentage,0.23929128079035217,-0.23929128079035217,,,,,,,,,,,,,,,,,,,,,,,,,,,,,,,,,,,,,,,,,,,,,,,,,,
PC1,OddsDifference_HvD,0.23467276445522078,0.23467276445522078,,,,,,,,,,,,,,,,,,,,,,,,,,,,,,,,,,,,,,,,,,,,,,,,,,
PC1,OddsDifference_AvD,0.21787861639405987,-0.21787861639405987,,,,,,,,,,,,,,,,,,,,,,,,,,,,,,,,,,,,,,,,,,,,,,,,,,
PC1,Bet365AwayWinOdds,0.2031502223180827,0.2031502223180827,,,,,,,,,,,,,,,,,,,,,,,,,,,,,,,,,,,,,,,,,,,,,,,,,,
PC1,OddsFavourAway,0.20016879067891571,-0.20016879067891571,,,,,,,,,,,,,,,,,,,,,,,,,,,,,,,,,,,,,,,,,,,,,,,,,,
PC1,OddsFavourHome,0.19993701105303519,0.19993701105303519,,,,,,,,,,,,,,,,,,,,,,,,,,,,,,,,,,,,,,,,,,,,,,,,,,
PC1,Bet365HomeWinOdds,0.19967654856034517,-0.19967654856034517,,,,,,,,,,,,,,,,,,,,,,,,,,,,,,,,,,,,,,,,,,,,,,,,,,
PC1,GeneralFormDifference,0.17590049910706035,0.17590049910706035,,,,,,,,,,,,,,,,,,,,,,,,,,,,,,,,,,,,,,,,,,,,,,,,,,
PC2,HomeElo,0.21050311601293797,,0.21050311601293797,,,,,,,,,,,,,,,,,,,,,,,,,,,,,,,,,,,,,,,,,,,,,,,,,
PC2,EloTierHome,0.21011316989890905,,-0.21011316989890905,,,,,,,,,,,,,,,,,,,,,,,,,,,,,,,,,,,,,,,,,,,,,,,,,
PC2,AwayElo,0.20855505052969112,,0.20855505052969112,,,,,,,,,,,,,,,,,,,,,,,,,,,,,,,,,,,,,,,,,,,,,,,,,
PC2,EloTierAway,0.20774353191712516,,-0.20774353191712516,,,,,,,,,,,,,,,,,,,,,,,,,,,,,,,,,,,,,,,,,,,,,,,,,
PC2,HomeFifaOverall,0.20773781643120903,,0.20773781643120903,,,,,,,,,,,,,,,,,,,,,,,,,,,,,,,,,,,,,,,,,,,,,,,,,
PC2,HomeFifaDefence,0.20567941073795282,,0.20567941073795282,,,,,,,,,,,,,,,,,,,,,,,,,,,,,,,,,,,,,,,,,,,,,,,,,
PC2,AwayFifaOverall,0.20462195480890868,,0.20462195480890868,,,,,,,,,,,,,,,,,,,,,,,,,,,,,,,,,,,,,,,,,,,,,,,,,
PC2,AwayFifaDefence,0.20169717708711524,,0.20169717708711524,,,,,,,,,,,,,,,,,,,,,,,,,,,,,,,,,,,,,,,,,,,,,,,,,
PC2,HomeFifaAttack,0.19803369860195497,,0.19803369860195497,,,,,,,,,,,,,,,,,,,,,,,,,,,,,,,,,,,,,,,,,,,,,,,,,
PC2,TotalWinsHome,0.19793269197756053,,0.19793269197756053,,,,,,,,,,,,,,,,,,,,,,,,,,,,,,,,,,,,,,,,,,,,,,,,,
PC3,TotalGoalsConcededHome,0.3558259902526333,,,0.3558259902526333,,,,,,,,,,,,,,,,,,,,,,,,,,,,,,,,,,,,,,,,,,,,,,,,
PC3,TotalGoalsConcededAway,0.3534085129631862,,,0.3534085129631862,,,,,,,,,,,,,,,,,,,,,,,,,,,,,,,,,,,,,,,,,,,,,,,,
PC3,TotalLossesHome,0.31989461522110124,,,0.31989461522110124,,,,,,,,,,,,,,,,,,,,,,,,,,,,,,,,,,,,,,,,,,,,,,,,
PC3,TotalLossesAway,0.31491139576360017,,,0.31491139576360017,,,,,,,,,,,,,,,,,,,,,,,,,,,,,,,,,,,,,,,,,,,,,,,,
PC3,TotalDrawsAway,0.29510104126350356,,,0.29510104126350356,,,,,,,,,,,,,,,,,,,,,,,,,,,,,,,,,,,,,,,,,,,,,,,,
PC3,TotalDrawsHome,0.29354247384145477,,,0.29354247384145477,,,,,,,,,,,,,,,,,,,,,,,,,,,,,,,,,,,,,,,,,,,,,,,,
PC3,TotalGoalsScoredAway,0.2757054945761355,,,0.2757054945761355,,,,,,,,,,,,,,,,,,,,,,,,,,,,,,,,,,,,,,,,,,,,,,,,
PC3,TotalGoalsScoredHome,0.27353613239921615,,,0.27353613239921615,,,,,,,,,,,,,,,,,,,,,,,,,,,,,,,,,,,,,,,,,,,,,,,,
PC3,TotalWinsAway,0.23208664524218692,,,0.23208664524218692,,,,,,,,,,,,,,,,,,,,,,,,,,,,,,,,,,,,,,,,,,,,,,,,
PC3,TotalWinsHome,0.22935316857529003,,,0.22935316857529003,,,,,,,,,,,,,,,,,,,,,,,,,,,,,,,,,,,,,,,,,,,,,,,,
PC4,Bet365DrawOdds,0.5092335150930313,,,,0.5092335150930313,,,,,,,,,,,,,,,,,,,,,,,,,,,,,,,,,,,,,,,,,,,,,,,
PC4,Bet365DrawOddsPercentage,0.4916121833474275,,,,-0.4916121833474275,,,,,,,,,,,,,,,,,,,,,,,,,,,,,,,,,,,,,,,,,,,,,,,
PC4,Bet365AwayWinOdds,0.27991294537940287,,,,0.27991294537940287,,,,,,,,,,,,,,,,,,,,,,,,,,,,,,,,,,,,,,,,,,,,,,,
PC4,Bet365HomeWinOdds,0.27373863866813386,,,,0.27373863866813386,,,,,,,,,,,,,,,,,,,,,,,,,,,,,,,,,,,,,,,,,,,,,,,
PC4,OddsDifference_AvD,0.24771112849120075,,,,0.24771112849120075,,,,,,,,,,,,,,,,,,,,,,,,,,,,,,,,,,,,,,,,,,,,,,,
PC4,OddsFavourHome,0.16372779787020553,,,,-0.16372779787020553,,,,,,,,,,,,,,,,,,,,,,,,,,,,,,,,,,,,,,,,,,,,,,,
PC4,OddsFavourAway,0.1557481491769703,,,,0.1557481491769703,,,,,,,,,,,,,,,,,,,,,,,,,,,,,,,,,,,,,,,,,,,,,,,
PC4,HistoricalEncountersAway,0.14958218275219165,,,,-0.14958218275219165,,,,,,,,,,,,,,,,,,,,,,,,,,,,,,,,,,,,,,,,,,,,,,,
PC4,HistoricalEncountersHome,0.1454487971101373,,,,-0.1454487971101373,,,,,,,,,,,,,,,,,,,,,,,,,,,,,,,,,,,,,,,,,,,,,,,
PC4,AwayForm,0.13505134408268668,,,,-0.13505134408268668,,,,,,,,,,,,,,,,,,,,,,,,,,,,,,,,,,,,,,,,,,,,,,,
PC5,GeneralFormDifference,0.3982363822354175,,,,,0.3982363822354175,,,,,,,,,,,,,,,,,,,,,,,,,,,,,,,,,,,,,,,,,,,,,,
PC5,WinStreakAway,0.27553339690247514,,,,,-0.27553339690247514,,,,,,,,,,,,,,,,,,,,,,,,,,,,,,,,,,,,,,,,,,,,,,
PC5,AwayGeneralForm,0.2731372916586207,,,,,-0.2731372916586207,,,,,,,,,,,,,,,,,,,,,,,,,,,,,,,,,,,,,,,,,,,,,,
PC5,LossStreakHome,0.26250946014828785,,,,,-0.26250946014828785,,,,,,,,,,,,,,,,,,,,,,,,,,,,,,,,,,,,,,,,,,,,,,
PC5,HomeAdvantageIndex,0.26000651122411955,,,,,0.26000651122411955,,,,,,,,,,,,,,,,,,,,,,,,,,,,,,,,,,,,,,,,,,,,,,
PC5,LossStreakAway,0.24764110496597588,,,,,0.24764110496597588,,,,,,,,,,,,,,,,,,,,,,,,,,,,,,,,,,,,,,,,,,,,,,
PC5,HomeGeneralForm,0.23252505763672798,,,,,0.23252505763672798,,,,,,,,,,,,,,,,,,,,,,,,,,,,,,,,,,,,,,,,,,,,,,
PC5,WinStreakHome,0.22394384941245352,,,,,0.22394384941245352,,,,,,,,,,,,,,,,,,,,,,,,,,,,,,,,,,,,,,,,,,,,,,
PC5,AwayForm,0.1926754800988011,,,,,-0.1926754800988011,,,,,,,,,,,,,,,,,,,,,,,,,,,,,,,,,,,,,,,,,,,,,,
PC5,AwayFifaMidfield,0.1830679753888786,,,,,0.1830679753888786,,,,,,,,,,,,,,,,,,,,,,,,,,,,,,,,,,,,,,,,,,,,,,
PC6,HomeGeneralForm,0.35672538812791704,,,,,,0.35672538812791704,,,,,,,,,,,,,,,,,,,,,,,,,,,,,,,,,,,,,,,,,,,,,
PC6,AverageGoalsScoredAtAway,0.33182596461093555,,,,,,0.33182596461093555,,,,,,,,,,,,,,,,,,,,,,,,,,,,,,,,,,,,,,,,,,,,,
PC6,WinStreakHome,0.3048082067886363,,,,,,0.3048082067886363,,,,,,,,,,,,,,,,,,,,,,,,,,,,,,,,,,,,,,,,,,,,,
PC6,AwayGeneralForm,0.27559669460252034,,,,,,0.27559669460252034,,,,,,,,,,,,,,,,,,,,,,,,,,,,,,,,,,,,,,,,,,,,,
PC6,AverageGoalsScoredAtHome,0.27450037885857137,,,,,,0.27450037885857137,,,,,,,,,,,,,,,,,,,,,,,,,,,,,,,,,,,,,,,,,,,,,
PC6,AverageGoalsConcededAtHome,0.2433754519803845,,,,,,0.2433754519803845,,,,,,,,,,,,,,,,,,,,,,,,,,,,,,,,,,,,,,,,,,,,,
PC6,AverageGoalsConcededAtAway,0.22286152217103963,,,,,,0.22286152217103963,,,,,,,,,,,,,,,,,,,,,,,,,,,,,,,,,,,,,,,,,,,,,
PC6,WinStreakAway,0.2197730263854618,,,,,,0.2197730263854618,,,,,,,,,,,,,,,,,,,,,,,,,,,,,,,,,,,,,,,,,,,,,
PC6,LossStreakHome,0.20304546209690924,,,,,,-0.20304546209690924,,,,,,,,,,,,,,,,,,,,,,,,,,,,,,,,,,,,,,,,,,,,,
PC6,HomeFifaMidfield,0.17132177269005788,,,,,,-0.17132177269005788,,,,,,,,,,,,,,,,,,,,,,,,,,,,,,,,,,,,,,,,,,,,,
PC7,AverageGoalsConcededAtAway,0.4688654110682132,,,,,,,0.4688654110682132,,,,,,,,,,,,,,,,,,,,,,,,,,,,,,,,,,,,,,,,,,,,
PC7,AverageGoalsConcededAtHome,0.40400248966786395,,,,,,,0.40400248966786395,,,,,,,,,,,,,,,,,,,,,,,,,,,,,,,,,,,,,,,,,,,,
PC7,LossStreakHome,0.3629409480993963,,,,,,,0.3629409480993963,,,,,,,,,,,,,,,,,,,,,,,,,,,,,,,,,,,,,,,,,,,,
PC7,AverageGoalsScoredAtHome,0.25733822163198794,,,,,,,0.25733822163198794,,,,,,,,,,,,,,,,,,,,,,,,,,,,,,,,,,,,,,,,,,,,
PC7,WinStreakHome,0.2237133558843471,,,,,,,-0.2237133558843471,,,,,,,,,,,,,,,,,,,,,,,,,,,,,,,,,,,,,,,,,,,,
PC7,LossStreakAway,0.20843582426260215,,,,,,,0.20843582426260215,,,,,,,,,,,,,,,,,,,,,,,,,,,,,,,,,,,,,,,,,,,,
PC7,HistoricalEncountersHome,0.18342850775757855,,,,,,,0.18342850775757855,,,,,,,,,,,,,,,,,,,,,,,,,,,,,,,,,,,,,,,,,,,,
PC7,AverageGoalsScoredAtAway,0.167613901800479,,,,,,,0.167613901800479,,,,,,,,,,,,,,,,,,,,,,,,,,,,,,,,,,,,,,,,,,,,
PC7,HistoricalEncountersAway,0.16445594536962582,,,,,,,0.16445594536962582,,,,,,,,,,,,,,,,,,,,,,,,,,,,,,,,,,,,,,,,,,,,
PC7,AwayForm,0.1604892108572035,,,,,,,-0.1604892108572035,,,,,,,,,,,,,,,,,,,,,,,,,,,,,,,,,,,,,,,,,,,,
PC8,HFA,0.563564516555153,,,,,,,,0.563564516555153,,,,,,,,,,,,,,,,,,,,,,,,,,,,,,,,,,,,,,,,,,,
PC8,HomeAdvantageIndex,0.38252153803062977,,,,,,,,0.38252153803062977,,,,,,,,,,,,,,,,,,,,,,,,,,,,,,,,,,,,,,,,,,,
PC8,LossStreakAway,0.3501819648260424,,,,,,,,-0.3501819648260424,,,,,,,,,,,,,,,,,,,,,,,,,,,,,,,,,,,,,,,,,,,
PC8,AwayForm,0.2898820236111941,,,,,,,,-0.2898820236111941,,,,,,,,,,,,,,,,,,,,,,,,,,,,,,,,,,,,,,,,,,,
PC8,AverageGoalsConcededAtHome,0.2728716712659539,,,,,,,,-0.2728716712659539,,,,,,,,,,,,,,,,,,,,,,,,,,,,,,,,,,,,,,,,,,,
PC8,WinStreakAway,0.2597434660987728,,,,,,,,0.2597434660987728,,,,,,,,,,,,,,,,,,,,,,,,,,,,,,,,,,,,,,,,,,,
PC8,HomeForm,0.23439207422130146,,,,,,,,0.23439207422130146,,,,,,,,,,,,,,,,,,,,,,,,,,,,,,,,,,,,,,,,,,,
PC8,AverageGoalsScoredAtAway,0.18812513759624339,,,,,,,,-0.18812513759624339,,,,,,,,,,,,,,,,,,,,,,,,,,,,,,,,,,,,,,,,,,,
PC8,WinStreakHome,0.15193091416304655,,,,,,,,-0.15193091416304655,,,,,,,,,,,,,,,,,,,,,,,,,,,,,,,,,,,,,,,,,,,
PC8,GeneralFormDifference,0.11629907970549505,,,,,,,,-0.11629907970549505,,,,,,,,,,,,,,,,,,,,,,,,,,,,,,,,,,,,,,,,,,,
PC9,HistoricalEncountersHome,0.640957868143283,,,,,,,,,0.640957868143283,,,,,,,,,,,,,,,,,,,,,,,,,,,,,,,,,,,,,,,,,,
PC9,HFA,0.43393367337325023,,,,,,,,,-0.43393367337325023,,,,,,,,,,,,,,,,,,,,,,,,,,,,,,,,,,,,,,,,,,
PC9,HomeForm,0.33657376185102267,,,,,,,,,0.33657376185102267,,,,,,,,,,,,,,,,,,,,,,,,,,,,,,,,,,,,,,,,,,
PC9,HomeAdvantageIndex,0.19532861637290297,,,,,,,,,0.19532861637290297,,,,,,,,,,,,,,,,,,,,,,,,,,,,,,,,,,,,,,,,,,
PC9,AwayFifaAttack,0.15111728585910042,,,,,,,,,-0.15111728585910042,,,,,,,,,,,,,,,,,,,,,,,,,,,,,,,,,,,,,,,,,,
PC9,AverageGoalsConcededAtHome,0.14416676763960917,,,,,,,,,-0.14416676763960917,,,,,,,,,,,,,,,,,,,,,,,,,,,,,,,,,,,,,,,,,,
PC9,HomeFifaAttack,0.13072563227780296,,,,,,,,,-0.13072563227780296,,,,,,,,,,,,,,,,,,,,,,,,,,,,,,,,,,,,,,,,,,
PC9,LossStreakHome,0.12738772093845074,,,,,,,,,0.12738772093845074,,,,,,,,,,,,,,,,,,,,,,,,,,,,,,,,,,,,,,,,,,
PC9,OddsFavourAway,0.12714987138501083,,,,,,,,,0.12714987138501083,,,,,,,,,,,,,,,,,,,,,,,,,,,,,,,,,,,,,,,,,,
PC9,OddsFavourHome,0.12300124267467928,,,,,,,,,-0.12300124267467928,,,,,,,,,,,,,,,,,,,,,,,,,,,,,,,,,,,,,,,,,,
PC10,HFA,0.5551499034984538,,,,,,,,,,0.5551499034984538,,,,,,,,,,,,,,,,,,,,,,,,,,,,,,,,,,,,,,,,,
PC10,LossStreakAway,0.3716092995494188,,,,,,,,,,0.3716092995494188,,,,,,,,,,,,,,,,,,,,,,,,,,,,,,,,,,,,,,,,,
PC10,AverageGoalsConcededAtAway,0.33207140685564684,,,,,,,,,,-0.33207140685564684,,,,,,,,,,,,,,,,,,,,,,,,,,,,,,,,,,,,,,,,,
PC10,WinStreakAway,0.29341835090219043,,,,,,,,,,-0.29341835090219043,,,,,,,,,,,,,,,,,,,,,,,,,,,,,,,,,,,,,,,,,
PC10,HistoricalEncountersHome,0.26368901775495485,,,,,,,,,,0.26368901775495485,,,,,,,,,,,,,,,,,,,,,,,,,,,,,,,,,,,,,,,,,
PC10,AverageGoalsScoredAtAway,0.2483708324300778,,,,,,,,,,0.2483708324300778,,,,,,,,,,,,,,,,,,,,,,,,,,,,,,,,,,,,,,,,,
PC10,AwayForm,0.23754137404988637,,,,,,,,,,0.23754137404988637,,,,,,,,,,,,,,,,,,,,,,,,,,,,,,,,,,,,,,,,,
PC10,AwayFifaAttack,0.14937237768216158,,,,,,,,,,-0.14937237768216158,,,,,,,,,,,,,,,,,,,,,,,,,,,,,,,,,,,,,,,,,
PC10,TotalGoalsScoredAway,0.11766044532302933,,,,,,,,,,0.11766044532302933,,,,,,,,,,,,,,,,,,,,,,,,,,,,,,,,,,,,,,,,,
PC10,HomeAdvantageIndex,0.11584303450462188,,,,,,,,,,-0.11584303450462188,,,,,,,,,,,,,,,,,,,,,,,,,,,,,,,,,,,,,,,,,
PC11,HistoricalEncountersHome,0.4709798588294889,,,,,,,,,,,0.4709798588294889,,,,,,,,,,,,,,,,,,,,,,,,,,,,,,,,,,,,,,,,
PC11,LossStreakHome,0.3833590734866186,,,,,,,,,,,-0.3833590734866186,,,,,,,,,,,,,,,,,,,,,,,,,,,,,,,,,,,,,,,,
PC11,LossStreakAway,0.3246934813035841,,,,,,,,,,,-0.3246934813035841,,,,,,,,,,,,,,,,,,,,,,,,,,,,,,,,,,,,,,,,
PC11,WinStreakHome,0.2771946517224408,,,,,,,,,,,0.2771946517224408,,,,,,,,,,,,,,,,,,,,,,,,,,,,,,,,,,,,,,,,
PC11,HomeForm,0.2751808114207299,,,,,,,,,,,-0.2751808114207299,,,,,,,,,,,,,,,,,,,,,,,,,,,,,,,,,,,,,,,,
PC11,AverageGoalsConcededAtHome,0.26416788580795797,,,,,,,,,,,0.26416788580795797,,,,,,,,,,,,,,,,,,,,,,,,,,,,,,,,,,,,,,,,
PC11,HFA,0.17706062466028877,,,,,,,,,,,0.17706062466028877,,,,,,,,,,,,,,,,,,,,,,,,,,,,,,,,,,,,,,,,
PC11,OddsFavourAway,0.16612526709224895,,,,,,,,,,,0.16612526709224895,,,,,,,,,,,,,,,,,,,,,,,,,,,,,,,,,,,,,,,,
PC11,AverageGoalsScoredAtAway,0.16224101446926656,,,,,,,,,,,-0.16224101446926656,,,,,,,,,,,,,,,,,,,,,,,,,,,,,,,,,,,,,,,,
PC11,OddsFavourHome,0.1621619496062632,,,,,,,,,,,-0.1621619496062632,,,,,,,,,,,,,,,,,,,,,,,,,,,,,,,,,,,,,,,,
PC12,OddsFavourAway,0.42933895910429815,,,,,,,,,,,,0.42933895910429815,,,,,,,,,,,,,,,,,,,,,,,,,,,,,,,,,,,,,,,
PC12,OddsFavourHome,0.4247912215362026,,,,,,,,,,,,-0.4247912215362026,,,,,,,,,,,,,,,,,,,,,,,,,,,,,,,,,,,,,,,
PC12,HistoricalEncountersHome,0.31830453995156677,,,,,,,,,,,,-0.31830453995156677,,,,,,,,,,,,,,,,,,,,,,,,,,,,,,,,,,,,,,,
PC12,TotalDrawsAway,0.20688874309714447,,,,,,,,,,,,0.20688874309714447,,,,,,,,,,,,,,,,,,,,,,,,,,,,,,,,,,,,,,,
PC12,LossStreakHome,0.1986365937513202,,,,,,,,,,,,0.1986365937513202,,,,,,,,,,,,,,,,,,,,,,,,,,,,,,,,,,,,,,,
PC12,HomeAdvantageIndex,0.19785671877086086,,,,,,,,,,,,0.19785671877086086,,,,,,,,,,,,,,,,,,,,,,,,,,,,,,,,,,,,,,,
PC12,HomeForm,0.1927821448604481,,,,,,,,,,,,0.1927821448604481,,,,,,,,,,,,,,,,,,,,,,,,,,,,,,,,,,,,,,,
PC12,HomeFifaAttack,0.1920576030703827,,,,,,,,,,,,0.1920576030703827,,,,,,,,,,,,,,,,,,,,,,,,,,,,,,,,,,,,,,,
PC12,WinStreakAway,0.17114637112962636,,,,,,,,,,,,-0.17114637112962636,,,,,,,,,,,,,,,,,,,,,,,,,,,,,,,,,,,,,,,
PC12,TotalDrawsHome,0.15289929971535635,,,,,,,,,,,,-0.15289929971535635,,,,,,,,,,,,,,,,,,,,,,,,,,,,,,,,,,,,,,,
PC13,LossStreakHome,0.46102341054881735,,,,,,,,,,,,,0.46102341054881735,,,,,,,,,,,,,,,,,,,,,,,,,,,,,,,,,,,,,,
PC13,TotalDrawsHome,0.35610841784100516,,,,,,,,,,,,,-0.35610841784100516,,,,,,,,,,,,,,,,,,,,,,,,,,,,,,,,,,,,,,
PC13,AverageGoalsConcededAtAway,0.3483069183833701,,,,,,,,,,,,,-0.3483069183833701,,,,,,,,,,,,,,,,,,,,,,,,,,,,,,,,,,,,,,
PC13,WinStreakHome,0.3002926790011253,,,,,,,,,,,,,0.3002926790011253,,,,,,,,,,,,,,,,,,,,,,,,,,,,,,,,,,,,,,
PC13,AverageGoalsScoredAtAway,0.2611272707999029,,,,,,,,,,,,,-0.2611272707999029,,,,,,,,,,,,,,,,,,,,,,,,,,,,,,,,,,,,,,
PC13,AverageGoalsScoredAtHome,0.22500971351578689,,,,,,,,,,,,,0.22500971351578689,,,,,,,,,,,,,,,,,,,,,,,,,,,,,,,,,,,,,,
PC13,TotalDrawsAway,0.172743454109402,,,,,,,,,,,,,0.172743454109402,,,,,,,,,,,,,,,,,,,,,,,,,,,,,,,,,,,,,,
PC13,LossStreakAway,0.16861119574905759,,,,,,,,,,,,,-0.16861119574905759,,,,,,,,,,,,,,,,,,,,,,,,,,,,,,,,,,,,,,
PC13,TotalWinsHome,0.16692600384495215,,,,,,,,,,,,,0.16692600384495215,,,,,,,,,,,,,,,,,,,,,,,,,,,,,,,,,,,,,,
PC13,AverageGoalsConcededAtHome,0.15242355049661824,,,,,,,,,,,,,0.15242355049661824,,,,,,,,,,,,,,,,,,,,,,,,,,,,,,,,,,,,,,
PC14,WinStreakAway,0.4794004397795768,,,,,,,,,,,,,,0.4794004397795768,,,,,,,,,,,,,,,,,,,,,,,,,,,,,,,,,,,,,
PC14,LossStreakAway,0.47734922109757655,,,,,,,,,,,,,,0.47734922109757655,,,,,,,,,,,,,,,,,,,,,,,,,,,,,,,,,,,,,
PC14,AverageGoalsScoredAtAway,0.3134162576070465,,,,,,,,,,,,,,-0.3134162576070465,,,,,,,,,,,,,,,,,,,,,,,,,,,,,,,,,,,,,
PC14,TotalDrawsAway,0.29926184691939106,,,,,,,,,,,,,,-0.29926184691939106,,,,,,,,,,,,,,,,,,,,,,,,,,,,,,,,,,,,,
PC14,WinStreakHome,0.24221709835302102,,,,,,,,,,,,,,0.24221709835302102,,,,,,,,,,,,,,,,,,,,,,,,,,,,,,,,,,,,,
PC14,OddsFavourAway,0.23478774185359846,,,,,,,,,,,,,,0.23478774185359846,,,,,,,,,,,,,,,,,,,,,,,,,,,,,,,,,,,,,
PC14,OddsFavourHome,0.2314784506928949,,,,,,,,,,,,,,-0.2314784506928949,,,,,,,,,,,,,,,,,,,,,,,,,,,,,,,,,,,,,
PC14,TotalLossesAway,0.18341798809101117,,,,,,,,,,,,,,0.18341798809101117,,,,,,,,,,,,,,,,,,,,,,,,,,,,,,,,,,,,,
PC14,Bet365HomeWinOdds,0.154331981010778,,,,,,,,,,,,,,-0.154331981010778,,,,,,,,,,,,,,,,,,,,,,,,,,,,,,,,,,,,,
PC14,AwayGeneralForm,0.15364206103271338,,,,,,,,,,,,,,0.15364206103271338,,,,,,,,,,,,,,,,,,,,,,,,,,,,,,,,,,,,,
PC15,HistoricalEncountersAway,0.6765936575896151,,,,,,,,,,,,,,,0.6765936575896151,,,,,,,,,,,,,,,,,,,,,,,,,,,,,,,,,,,,
PC15,WinStreakHome,0.3186860679515238,,,,,,,,,,,,,,,-0.3186860679515238,,,,,,,,,,,,,,,,,,,,,,,,,,,,,,,,,,,,
PC15,AverageGoalsScoredAtHome,0.3145365418870656,,,,,,,,,,,,,,,0.3145365418870656,,,,,,,,,,,,,,,,,,,,,,,,,,,,,,,,,,,,
PC15,LossStreakHome,0.19230468972744588,,,,,,,,,,,,,,,-0.19230468972744588,,,,,,,,,,,,,,,,,,,,,,,,,,,,,,,,,,,,
PC15,HistoricalEncountersHome,0.17158640368615244,,,,,,,,,,,,,,,-0.17158640368615244,,,,,,,,,,,,,,,,,,,,,,,,,,,,,,,,,,,,
PC15,Bet365AwayWinOdds,0.15368440046763815,,,,,,,,,,,,,,,0.15368440046763815,,,,,,,,,,,,,,,,,,,,,,,,,,,,,,,,,,,,
PC15,AverageGoalsScoredAtAway,0.14637504674270324,,,,,,,,,,,,,,,-0.14637504674270324,,,,,,,,,,,,,,,,,,,,,,,,,,,,,,,,,,,,
PC15,OddsFavourAway,0.14474164626771982,,,,,,,,,,,,,,,0.14474164626771982,,,,,,,,,,,,,,,,,,,,,,,,,,,,,,,,,,,,
PC15,OddsFavourHome,0.14450517540409497,,,,,,,,,,,,,,,-0.14450517540409497,,,,,,,,,,,,,,,,,,,,,,,,,,,,,,,,,,,,
PC15,Bet365HomeWinOdds,0.11798946166379816,,,,,,,,,,,,,,,-0.11798946166379816,,,,,,,,,,,,,,,,,,,,,,,,,,,,,,,,,,,,
PC16,AverageGoalsConcededAtHome,0.4158981598984404,,,,,,,,,,,,,,,,0.4158981598984404,,,,,,,,,,,,,,,,,,,,,,,,,,,,,,,,,,,
PC16,HistoricalEncountersAway,0.3767332261274732,,,,,,,,,,,,,,,,-0.3767332261274732,,,,,,,,,,,,,,,,,,,,,,,,,,,,,,,,,,,
PC16,LossStreakHome,0.3647835319589235,,,,,,,,,,,,,,,,-0.3647835319589235,,,,,,,,,,,,,,,,,,,,,,,,,,,,,,,,,,,
PC16,AverageGoalsConcededAtAway,0.33853713799357293,,,,,,,,,,,,,,,,-0.33853713799357293,,,,,,,,,,,,,,,,,,,,,,,,,,,,,,,,,,,
PC16,AverageGoalsScoredAtHome,0.2970515368852205,,,,,,,,,,,,,,,,0.2970515368852205,,,,,,,,,,,,,,,,,,,,,,,,,,,,,,,,,,,
PC16,AverageGoalsScoredAtAway,0.2425702218070613,,,,,,,,,,,,,,,,-0.2425702218070613,,,,,,,,,,,,,,,,,,,,,,,,,,,,,,,,,,,
PC16,WinStreakHome,0.24204471160924462,,,,,,,,,,,,,,,,-0.24204471160924462,,,,,,,,,,,,,,,,,,,,,,,,,,,,,,,,,,,
PC16,LossStreakAway,0.19775602055845515,,,,,,,,,,,,,,,,0.19775602055845515,,,,,,,,,,,,,,,,,,,,,,,,,,,,,,,,,,,
PC16,HomeAdvantageIndex,0.16655678915958744,,,,,,,,,,,,,,,,0.16655678915958744,,,,,,,,,,,,,,,,,,,,,,,,,,,,,,,,,,,
PC16,HomeForm,0.15292035443176083,,,,,,,,,,,,,,,,0.15292035443176083,,,,,,,,,,,,,,,,,,,,,,,,,,,,,,,,,,,
PC17,HistoricalEncountersAway,0.4632926648827422,,,,,,,,,,,,,,,,,0.4632926648827422,,,,,,,,,,,,,,,,,,,,,,,,,,,,,,,,,,
PC17,WinStreakHome,0.2996400473403,,,,,,,,,,,,,,,,,0.2996400473403,,,,,,,,,,,,,,,,,,,,,,,,,,,,,,,,,,
PC17,TotalLossesHome,0.23493880238610995,,,,,,,,,,,,,,,,,0.23493880238610995,,,,,,,,,,,,,,,,,,,,,,,,,,,,,,,,,,
PC17,OddsFavourHome,0.2308658344328612,,,,,,,,,,,,,,,,,0.2308658344328612,,,,,,,,,,,,,,,,,,,,,,,,,,,,,,,,,,
PC17,OddsFavourAway,0.2290846475407561,,,,,,,,,,,,,,,,,-0.2290846475407561,,,,,,,,,,,,,,,,,,,,,,,,,,,,,,,,,,
PC17,AverageGoalsScoredAtHome,0.21490899607850347,,,,,,,,,,,,,,,,,-0.21490899607850347,,,,,,,,,,,,,,,,,,,,,,,,,,,,,,,,,,
PC17,HomeAdvantageIndex,0.20061174598513623,,,,,,,,,,,,,,,,,0.20061174598513623,,,,,,,,,,,,,,,,,,,,,,,,,,,,,,,,,,
PC17,Bet365HomeWinOdds,0.19964025277568792,,,,,,,,,,,,,,,,,0.19964025277568792,,,,,,,,,,,,,,,,,,,,,,,,,,,,,,,,,,
PC17,TotalGoalsScoredHome,0.18476756282557844,,,,,,,,,,,,,,,,,-0.18476756282557844,,,,,,,,,,,,,,,,,,,,,,,,,,,,,,,,,,
PC17,AverageGoalsConcededAtAway,0.16884603245130717,,,,,,,,,,,,,,,,,-0.16884603245130717,,,,,,,,,,,,,,,,,,,,,,,,,,,,,,,,,,
PC18,GeneralFormDifference,0.5051186607052189,,,,,,,,,,,,,,,,,,0.5051186607052189,,,,,,,,,,,,,,,,,,,,,,,,,,,,,,,,,
PC18,AwayGeneralForm,0.4126529466425398,,,,,,,,,,,,,,,,,,-0.4126529466425398,,,,,,,,,,,,,,,,,,,,,,,,,,,,,,,,,
PC18,WinStreakAway,0.3942462266212488,,,,,,,,,,,,,,,,,,0.3942462266212488,,,,,,,,,,,,,,,,,,,,,,,,,,,,,,,,,
PC18,TotalDrawsAway,0.2686170375769721,,,,,,,,,,,,,,,,,,-0.2686170375769721,,,,,,,,,,,,,,,,,,,,,,,,,,,,,,,,,
PC18,WinStreakHome,0.2600223650169746,,,,,,,,,,,,,,,,,,-0.2600223650169746,,,,,,,,,,,,,,,,,,,,,,,,,,,,,,,,,
PC18,HomeGeneralForm,0.22772253959213096,,,,,,,,,,,,,,,,,,0.22772253959213096,,,,,,,,,,,,,,,,,,,,,,,,,,,,,,,,,
PC18,LossStreakAway,0.2216404565866131,,,,,,,,,,,,,,,,,,-0.2216404565866131,,,,,,,,,,,,,,,,,,,,,,,,,,,,,,,,,
PC18,AverageGoalsConcededAtHome,0.15818307484230193,,,,,,,,,,,,,,,,,,0.15818307484230193,,,,,,,,,,,,,,,,,,,,,,,,,,,,,,,,,
PC18,AverageGoalsConcededAtAway,0.13479576081917763,,,,,,,,,,,,,,,,,,-0.13479576081917763,,,,,,,,,,,,,,,,,,,,,,,,,,,,,,,,,
PC18,TotalLossesAway,0.13027388302974247,,,,,,,,,,,,,,,,,,0.13027388302974247,,,,,,,,,,,,,,,,,,,,,,,,,,,,,,,,,
PC19,AverageGoalsConcededAtHome,0.33812771572161837,,,,,,,,,,,,,,,,,,,0.33812771572161837,,,,,,,,,,,,,,,,,,,,,,,,,,,,,,,,
PC19,TotalDrawsAway,0.32674539355044013,,,,,,,,,,,,,,,,,,,-0.32674539355044013,,,,,,,,,,,,,,,,,,,,,,,,,,,,,,,,
PC19,AverageGoalsConcededAtAway,0.321443579276817,,,,,,,,,,,,,,,,,,,-0.321443579276817,,,,,,,,,,,,,,,,,,,,,,,,,,,,,,,,
PC19,TotalWinsAway,0.28773852588085813,,,,,,,,,,,,,,,,,,,0.28773852588085813,,,,,,,,,,,,,,,,,,,,,,,,,,,,,,,,
PC19,AwayForm,0.2604356937199511,,,,,,,,,,,,,,,,,,,-0.2604356937199511,,,,,,,,,,,,,,,,,,,,,,,,,,,,,,,,
PC19,AverageGoalsScoredAtHome,0.25779882054474246,,,,,,,,,,,,,,,,,,,-0.25779882054474246,,,,,,,,,,,,,,,,,,,,,,,,,,,,,,,,
PC19,AverageGoalsScoredAtAway,0.2128568124968601,,,,,,,,,,,,,,,,,,,0.2128568124968601,,,,,,,,,,,,,,,,,,,,,,,,,,,,,,,,
PC19,TotalGoalsScoredAway,0.19943593499701806,,,,,,,,,,,,,,,,,,,0.19943593499701806,,,,,,,,,,,,,,,,,,,,,,,,,,,,,,,,
PC19,Bet365HomeWinOdds,0.19420408770026382,,,,,,,,,,,,,,,,,,,-0.19420408770026382,,,,,,,,,,,,,,,,,,,,,,,,,,,,,,,,
PC19,HomeAdvantageIndex,0.18388454805231483,,,,,,,,,,,,,,,,,,,0.18388454805231483,,,,,,,,,,,,,,,,,,,,,,,,,,,,,,,,
PC20,HomeForm,0.348715212274966,,,,,,,,,,,,,,,,,,,,0.348715212274966,,,,,,,,,,,,,,,,,,,,,,,,,,,,,,,
PC20,AwayForm,0.3405432055881288,,,,,,,,,,,,,,,,,,,,0.3405432055881288,,,,,,,,,,,,,,,,,,,,,,,,,,,,,,,
PC20,TotalDrawsAway,0.3379845981849431,,,,,,,,,,,,,,,,,,,,-0.3379845981849431,,,,,,,,,,,,,,,,,,,,,,,,,,,,,,,
PC20,TotalLossesAway,0.31428409811655605,,,,,,,,,,,,,,,,,,,,0.31428409811655605,,,,,,,,,,,,,,,,,,,,,,,,,,,,,,,
PC20,TotalDrawsHome,0.25673291255024255,,,,,,,,,,,,,,,,,,,,-0.25673291255024255,,,,,,,,,,,,,,,,,,,,,,,,,,,,,,,
PC20,LossStreakHome,0.23177659665104156,,,,,,,,,,,,,,,,,,,,-0.23177659665104156,,,,,,,,,,,,,,,,,,,,,,,,,,,,,,,
PC20,TotalGoalsConcededAway,0.21764536652491973,,,,,,,,,,,,,,,,,,,,0.21764536652491973,,,,,,,,,,,,,,,,,,,,,,,,,,,,,,,
PC20,LossStreakAway,0.20672095748547084,,,,,,,,,,,,,,,,,,,,-0.20672095748547084,,,,,,,,,,,,,,,,,,,,,,,,,,,,,,,
PC20,WinStreakAway,0.19170288721505305,,,,,,,,,,,,,,,,,,,,-0.19170288721505305,,,,,,,,,,,,,,,,,,,,,,,,,,,,,,,
PC20,HistoricalEncountersHome,0.18279332659040862,,,,,,,,,,,,,,,,,,,,-0.18279332659040862,,,,,,,,,,,,,,,,,,,,,,,,,,,,,,,
PC21,TotalWinsHome,0.4825953304317076,,,,,,,,,,,,,,,,,,,,,0.4825953304317076,,,,,,,,,,,,,,,,,,,,,,,,,,,,,,
PC21,TotalDrawsHome,0.480255459731507,,,,,,,,,,,,,,,,,,,,,-0.480255459731507,,,,,,,,,,,,,,,,,,,,,,,,,,,,,,
PC21,TotalGoalsScoredHome,0.3269438303795087,,,,,,,,,,,,,,,,,,,,,0.3269438303795087,,,,,,,,,,,,,,,,,,,,,,,,,,,,,,
PC21,AwayForm,0.24325068276658965,,,,,,,,,,,,,,,,,,,,,-0.24325068276658965,,,,,,,,,,,,,,,,,,,,,,,,,,,,,,
PC21,TotalLossesHome,0.19746689333091935,,,,,,,,,,,,,,,,,,,,,-0.19746689333091935,,,,,,,,,,,,,,,,,,,,,,,,,,,,,,
PC21,LossStreakHome,0.1839865871845263,,,,,,,,,,,,,,,,,,,,,-0.1839865871845263,,,,,,,,,,,,,,,,,,,,,,,,,,,,,,
PC21,HomeGeneralForm,0.1690923242326689,,,,,,,,,,,,,,,,,,,,,-0.1690923242326689,,,,,,,,,,,,,,,,,,,,,,,,,,,,,,
PC21,WinStreakHome,0.16744822485392022,,,,,,,,,,,,,,,,,,,,,-0.16744822485392022,,,,,,,,,,,,,,,,,,,,,,,,,,,,,,
PC21,AverageGoalsScoredAtAway,0.15087211509757917,,,,,,,,,,,,,,,,,,,,,0.15087211509757917,,,,,,,,,,,,,,,,,,,,,,,,,,,,,,
PC21,Bet365AwayWinOdds,0.14027843138913554,,,,,,,,,,,,,,,,,,,,,-0.14027843138913554,,,,,,,,,,,,,,,,,,,,,,,,,,,,,,
PC22,AverageGoalsScoredAtHome,0.47106203201441127,,,,,,,,,,,,,,,,,,,,,,0.47106203201441127,,,,,,,,,,,,,,,,,,,,,,,,,,,,,
PC22,TotalDrawsAway,0.3585330141454774,,,,,,,,,,,,,,,,,,,,,,-0.3585330141454774,,,,,,,,,,,,,,,,,,,,,,,,,,,,,
PC22,TotalWinsAway,0.2995478448720958,,,,,,,,,,,,,,,,,,,,,,0.2995478448720958,,,,,,,,,,,,,,,,,,,,,,,,,,,,,
PC22,HomeGeneralForm,0.2915526693468244,,,,,,,,,,,,,,,,,,,,,,-0.2915526693468244,,,,,,,,,,,,,,,,,,,,,,,,,,,,,
PC22,WinStreakHome,0.2795836546043788,,,,,,,,,,,,,,,,,,,,,,0.2795836546043788,,,,,,,,,,,,,,,,,,,,,,,,,,,,,
PC22,TotalGoalsScoredAway,0.23329598745671568,,,,,,,,,,,,,,,,,,,,,,0.23329598745671568,,,,,,,,,,,,,,,,,,,,,,,,,,,,,
PC22,AwayGeneralForm,0.20513471029454103,,,,,,,,,,,,,,,,,,,,,,-0.20513471029454103,,,,,,,,,,,,,,,,,,,,,,,,,,,,,
PC22,HomeElo,0.19506376225998306,,,,,,,,,,,,,,,,,,,,,,-0.19506376225998306,,,,,,,,,,,,,,,,,,,,,,,,,,,,,
PC22,AverageGoalsConcededAtHome,0.18637916448017752,,,,,,,,,,,,,,,,,,,,,,-0.18637916448017752,,,,,,,,,,,,,,,,,,,,,,,,,,,,,
PC22,EloTierHome,0.18517300985117663,,,,,,,,,,,,,,,,,,,,,,0.18517300985117663,,,,,,,,,,,,,,,,,,,,,,,,,,,,,
PC23,AverageGoalsScoredAtAway,0.40360294058735746,,,,,,,,,,,,,,,,,,,,,,,0.40360294058735746,,,,,,,,,,,,,,,,,,,,,,,,,,,,
PC23,AverageGoalsConcededAtAway,0.36191250897662447,,,,,,,,,,,,,,,,,,,,,,,-0.36191250897662447,,,,,,,,,,,,,,,,,,,,,,,,,,,,
PC23,TotalLossesAway,0.3512723627802005,,,,,,,,,,,,,,,,,,,,,,,0.3512723627802005,,,,,,,,,,,,,,,,,,,,,,,,,,,,
PC23,TotalWinsAway,0.31099215416850223,,,,,,,,,,,,,,,,,,,,,,,-0.31099215416850223,,,,,,,,,,,,,,,,,,,,,,,,,,,,
PC23,AwayForm,0.2907918152034822,,,,,,,,,,,,,,,,,,,,,,,-0.2907918152034822,,,,,,,,,,,,,,,,,,,,,,,,,,,,
PC23,AverageGoalsScoredAtHome,0.282801200238877,,,,,,,,,,,,,,,,,,,,,,,0.282801200238877,,,,,,,,,,,,,,,,,,,,,,,,,,,,
PC23,HomeForm,0.26669572190081364,,,,,,,,,,,,,,,,,,,,,,,-0.26669572190081364,,,,,,,,,,,,,,,,,,,,,,,,,,,,
PC23,TotalGoalsScoredAway,0.19070681270388534,,,,,,,,,,,,,,,,,,,,,,,-0.19070681270388534,,,,,,,,,,,,,,,,,,,,,,,,,,,,
PC23,AverageGoalsConcededAtHome,0.1815723584969102,,,,,,,,,,,,,,,,,,,,,,,-0.1815723584969102,,,,,,,,,,,,,,,,,,,,,,,,,,,,
PC23,TotalGoalsConcededAway,0.16188029274067484,,,,,,,,,,,,,,,,,,,,,,,0.16188029274067484,,,,,,,,,,,,,,,,,,,,,,,,,,,,
PC24,TotalDrawsHome,0.44066953557815053,,,,,,,,,,,,,,,,,,,,,,,,0.44066953557815053,,,,,,,,,,,,,,,,,,,,,,,,,,,
PC24,TotalLossesHome,0.35939237994036,,,,,,,,,,,,,,,,,,,,,,,,-0.35939237994036,,,,,,,,,,,,,,,,,,,,,,,,,,,
PC24,HomeGeneralForm,0.33777489094862756,,,,,,,,,,,,,,,,,,,,,,,,-0.33777489094862756,,,,,,,,,,,,,,,,,,,,,,,,,,,
PC24,WinStreakHome,0.26681856106978735,,,,,,,,,,,,,,,,,,,,,,,,0.26681856106978735,,,,,,,,,,,,,,,,,,,,,,,,,,,
PC24,AverageGoalsConcededAtHome,0.26018636310765153,,,,,,,,,,,,,,,,,,,,,,,,0.26018636310765153,,,,,,,,,,,,,,,,,,,,,,,,,,,
PC24,AwayGeneralForm,0.2102617065103186,,,,,,,,,,,,,,,,,,,,,,,,-0.2102617065103186,,,,,,,,,,,,,,,,,,,,,,,,,,,
PC24,HomeForm,0.1927763345094344,,,,,,,,,,,,,,,,,,,,,,,,0.1927763345094344,,,,,,,,,,,,,,,,,,,,,,,,,,,
PC24,AwayForm,0.1902305407649523,,,,,,,,,,,,,,,,,,,,,,,,0.1902305407649523,,,,,,,,,,,,,,,,,,,,,,,,,,,
PC24,TotalWinsAway,0.1765494887709704,,,,,,,,,,,,,,,,,,,,,,,,-0.1765494887709704,,,,,,,,,,,,,,,,,,,,,,,,,,,
PC24,HomeElo,0.16552328768490124,,,,,,,,,,,,,,,,,,,,,,,,0.16552328768490124,,,,,,,,,,,,,,,,,,,,,,,,,,,
PC25,AwayGeneralForm,0.39981729007891187,,,,,,,,,,,,,,,,,,,,,,,,,0.39981729007891187,,,,,,,,,,,,,,,,,,,,,,,,,,
PC25,AverageGoalsScoredAtAway,0.3978680195146706,,,,,,,,,,,,,,,,,,,,,,,,,-0.3978680195146706,,,,,,,,,,,,,,,,,,,,,,,,,,
PC25,WinStreakAway,0.3932551152099662,,,,,,,,,,,,,,,,,,,,,,,,,-0.3932551152099662,,,,,,,,,,,,,,,,,,,,,,,,,,
PC25,HomeGeneralForm,0.3764503377688076,,,,,,,,,,,,,,,,,,,,,,,,,0.3764503377688076,,,,,,,,,,,,,,,,,,,,,,,,,,
PC25,TotalDrawsAway,0.36347372401574085,,,,,,,,,,,,,,,,,,,,,,,,,-0.36347372401574085,,,,,,,,,,,,,,,,,,,,,,,,,,
PC25,Bet365HomeWinOdds,0.22190757218319246,,,,,,,,,,,,,,,,,,,,,,,,,0.22190757218319246,,,,,,,,,,,,,,,,,,,,,,,,,,
PC25,TotalLossesAway,0.13631780332314966,,,,,,,,,,,,,,,,,,,,,,,,,0.13631780332314966,,,,,,,,,,,,,,,,,,,,,,,,,,
PC25,AwayFifaAttack,0.13376624275454477,,,,,,,,,,,,,,,,,,,,,,,,,-0.13376624275454477,,,,,,,,,,,,,,,,,,,,,,,,,,
PC25,HomeFifaAttack,0.1303987680577158,,,,,,,,,,,,,,,,,,,,,,,,,0.1303987680577158,,,,,,,,,,,,,,,,,,,,,,,,,,
PC25,Bet365AwayWinOdds,0.11224367814714611,,,,,,,,,,,,,,,,,,,,,,,,,-0.11224367814714611,,,,,,,,,,,,,,,,,,,,,,,,,,
PC26,EloTierAway,0.6301377076998029,,,,,,,,,,,,,,,,,,,,,,,,,,0.6301377076998029,,,,,,,,,,,,,,,,,,,,,,,,,
PC26,AwayElo,0.5646689050459546,,,,,,,,,,,,,,,,,,,,,,,,,,-0.5646689050459546,,,,,,,,,,,,,,,,,,,,,,,,,
PC26,AwayFifaAttack,0.23741221176877822,,,,,,,,,,,,,,,,,,,,,,,,,,0.23741221176877822,,,,,,,,,,,,,,,,,,,,,,,,,
PC26,TotalLossesAway,0.19091949140558095,,,,,,,,,,,,,,,,,,,,,,,,,,-0.19091949140558095,,,,,,,,,,,,,,,,,,,,,,,,,
PC26,AwayFifaOverall,0.14067181423732866,,,,,,,,,,,,,,,,,,,,,,,,,,0.14067181423732866,,,,,,,,,,,,,,,,,,,,,,,,,
PC26,TotalGoalsConcededAway,0.12554952236084135,,,,,,,,,,,,,,,,,,,,,,,,,,-0.12554952236084135,,,,,,,,,,,,,,,,,,,,,,,,,
PC26,AwayFifaMidfield,0.12389792864314027,,,,,,,,,,,,,,,,,,,,,,,,,,0.12389792864314027,,,,,,,,,,,,,,,,,,,,,,,,,
PC26,TotalDrawsAway,0.11876188104664111,,,,,,,,,,,,,,,,,,,,,,,,,,0.11876188104664111,,,,,,,,,,,,,,,,,,,,,,,,,
PC26,TotalGoalsScoredAway,0.11642481760468497,,,,,,,,,,,,,,,,,,,,,,,,,,0.11642481760468497,,,,,,,,,,,,,,,,,,,,,,,,,
PC26,TotalWinsAway,0.11105537661465077,,,,,,,,,,,,,,,,,,,,,,,,,,0.11105537661465077,,,,,,,,,,,,,,,,,,,,,,,,,
PC27,EloTierHome,0.5435853228169506,,,,,,,,,,,,,,,,,,,,,,,,,,,0.5435853228169506,,,,,,,,,,,,,,,,,,,,,,,,
PC27,HomeElo,0.4875901630641036,,,,,,,,,,,,,,,,,,,,,,,,,,,-0.4875901630641036,,,,,,,,,,,,,,,,,,,,,,,,
PC27,TotalLossesHome,0.31222497871497185,,,,,,,,,,,,,,,,,,,,,,,,,,,-0.31222497871497185,,,,,,,,,,,,,,,,,,,,,,,,
PC27,HomeFifaAttack,0.2407422600123732,,,,,,,,,,,,,,,,,,,,,,,,,,,0.2407422600123732,,,,,,,,,,,,,,,,,,,,,,,,
PC27,AverageGoalsScoredAtHome,0.21281092530643117,,,,,,,,,,,,,,,,,,,,,,,,,,,-0.21281092530643117,,,,,,,,,,,,,,,,,,,,,,,,
PC27,TotalWinsHome,0.20464423260344705,,,,,,,,,,,,,,,,,,,,,,,,,,,0.20464423260344705,,,,,,,,,,,,,,,,,,,,,,,,
PC27,TotalGoalsConcededHome,0.18787043803402287,,,,,,,,,,,,,,,,,,,,,,,,,,,-0.18787043803402287,,,,,,,,,,,,,,,,,,,,,,,,
PC27,HomeFifaMidfield,0.17212639672110616,,,,,,,,,,,,,,,,,,,,,,,,,,,0.17212639672110616,,,,,,,,,,,,,,,,,,,,,,,,
PC27,TotalDrawsHome,0.1684878359247056,,,,,,,,,,,,,,,,,,,,,,,,,,,0.1684878359247056,,,,,,,,,,,,,,,,,,,,,,,,
PC27,TotalGoalsScoredHome,0.1597806170423653,,,,,,,,,,,,,,,,,,,,,,,,,,,0.1597806170423653,,,,,,,,,,,,,,,,,,,,,,,,
PC28,HomeFifaAttack,0.5458891772060178,,,,,,,,,,,,,,,,,,,,,,,,,,,,0.5458891772060178,,,,,,,,,,,,,,,,,,,,,,,
PC28,AwayFifaAttack,0.54223915558871,,,,,,,,,,,,,,,,,,,,,,,,,,,,0.54223915558871,,,,,,,,,,,,,,,,,,,,,,,
PC28,HomeFifaMidfield,0.33632468501989643,,,,,,,,,,,,,,,,,,,,,,,,,,,,-0.33632468501989643,,,,,,,,,,,,,,,,,,,,,,,
PC28,AwayFifaMidfield,0.289852239173992,,,,,,,,,,,,,,,,,,,,,,,,,,,,-0.289852239173992,,,,,,,,,,,,,,,,,,,,,,,
PC28,AwayFifaDefence,0.28003744164967104,,,,,,,,,,,,,,,,,,,,,,,,,,,,-0.28003744164967104,,,,,,,,,,,,,,,,,,,,,,,
PC28,HomeFifaDefence,0.22572490533941195,,,,,,,,,,,,,,,,,,,,,,,,,,,,-0.22572490533941195,,,,,,,,,,,,,,,,,,,,,,,
PC28,HistoricalEncountersHome,0.10275304109196072,,,,,,,,,,,,,,,,,,,,,,,,,,,,0.10275304109196072,,,,,,,,,,,,,,,,,,,,,,,
PC28,Bet365DrawOddsPercentage,0.10089840428766725,,,,,,,,,,,,,,,,,,,,,,,,,,,,-0.10089840428766725,,,,,,,,,,,,,,,,,,,,,,,
PC28,Bet365AwayWinOdds,0.08991702124152659,,,,,,,,,,,,,,,,,,,,,,,,,,,,-0.08991702124152659,,,,,,,,,,,,,,,,,,,,,,,
PC28,TotalGoalsScoredAway,0.08233855263237301,,,,,,,,,,,,,,,,,,,,,,,,,,,,-0.08233855263237301,,,,,,,,,,,,,,,,,,,,,,,
PC29,AwayFifaDefence,0.5176059968058725,,,,,,,,,,,,,,,,,,,,,,,,,,,,,0.5176059968058725,,,,,,,,,,,,,,,,,,,,,,
PC29,AwayFifaAttack,0.478490702926015,,,,,,,,,,,,,,,,,,,,,,,,,,,,,-0.478490702926015,,,,,,,,,,,,,,,,,,,,,,
PC29,HomeFifaAttack,0.4145611487459544,,,,,,,,,,,,,,,,,,,,,,,,,,,,,0.4145611487459544,,,,,,,,,,,,,,,,,,,,,,
PC29,HomeFifaDefence,0.28015533359547456,,,,,,,,,,,,,,,,,,,,,,,,,,,,,-0.28015533359547456,,,,,,,,,,,,,,,,,,,,,,
PC29,Bet365DrawOddsPercentage,0.2066740080654318,,,,,,,,,,,,,,,,,,,,,,,,,,,,,-0.2066740080654318,,,,,,,,,,,,,,,,,,,,,,
PC29,HomeFifaMidfield,0.20408992971516496,,,,,,,,,,,,,,,,,,,,,,,,,,,,,-0.20408992971516496,,,,,,,,,,,,,,,,,,,,,,
PC29,Bet365AwayWinOdds,0.19472321441647913,,,,,,,,,,,,,,,,,,,,,,,,,,,,,-0.19472321441647913,,,,,,,,,,,,,,,,,,,,,,
PC29,OddsDifference_HvD,0.15055441568040875,,,,,,,,,,,,,,,,,,,,,,,,,,,,,0.15055441568040875,,,,,,,,,,,,,,,,,,,,,,
PC29,Bet365DrawOdds,0.1357489481557323,,,,,,,,,,,,,,,,,,,,,,,,,,,,,-0.1357489481557323,,,,,,,,,,,,,,,,,,,,,,
PC29,Bet365HomeWinOddsPercentage,0.11821923836859358,,,,,,,,,,,,,,,,,,,,,,,,,,,,,0.11821923836859358,,,,,,,,,,,,,,,,,,,,,,
PC30,Bet365AwayWinOdds,0.44865944909161654,,,,,,,,,,,,,,,,,,,,,,,,,,,,,,0.44865944909161654,,,,,,,,,,,,,,,,,,,,,
PC30,Bet365DrawOddsPercentage,0.3896942300856025,,,,,,,,,,,,,,,,,,,,,,,,,,,,,,0.3896942300856025,,,,,,,,,,,,,,,,,,,,,
PC30,HomeFifaDefence,0.33060986240671536,,,,,,,,,,,,,,,,,,,,,,,,,,,,,,-0.33060986240671536,,,,,,,,,,,,,,,,,,,,,
PC30,HomeFifaAttack,0.3193729470196265,,,,,,,,,,,,,,,,,,,,,,,,,,,,,,0.3193729470196265,,,,,,,,,,,,,,,,,,,,,
PC30,Bet365DrawOdds,0.31586414678258934,,,,,,,,,,,,,,,,,,,,,,,,,,,,,,0.31586414678258934,,,,,,,,,,,,,,,,,,,,,
PC30,AwayFifaMidfield,0.2944619400885589,,,,,,,,,,,,,,,,,,,,,,,,,,,,,,0.2944619400885589,,,,,,,,,,,,,,,,,,,,,
PC30,OddsDifference_HvD,0.24470005442877346,,,,,,,,,,,,,,,,,,,,,,,,,,,,,,-0.24470005442877346,,,,,,,,,,,,,,,,,,,,,
PC30,AwayFifaAttack,0.20007494820660315,,,,,,,,,,,,,,,,,,,,,,,,,,,,,,-0.20007494820660315,,,,,,,,,,,,,,,,,,,,,
PC30,Bet365HomeWinOddsPercentage,0.1785424554199141,,,,,,,,,,,,,,,,,,,,,,,,,,,,,,-0.1785424554199141,,,,,,,,,,,,,,,,,,,,,
PC30,OddsDifference_HvA,0.13574312328164612,,,,,,,,,,,,,,,,,,,,,,,,,,,,,,-0.13574312328164612,,,,,,,,,,,,,,,,,,,,,
PC31,AwayFifaMidfield,0.629450132429393,,,,,,,,,,,,,,,,,,,,,,,,,,,,,,,0.629450132429393,,,,,,,,,,,,,,,,,,,,
PC31,AwayFifaDefence,0.5011735712192923,,,,,,,,,,,,,,,,,,,,,,,,,,,,,,,-0.5011735712192923,,,,,,,,,,,,,,,,,,,,
PC31,HomeFifaMidfield,0.32870208091569536,,,,,,,,,,,,,,,,,,,,,,,,,,,,,,,-0.32870208091569536,,,,,,,,,,,,,,,,,,,,
PC31,HomeFifaDefence,0.252616228943615,,,,,,,,,,,,,,,,,,,,,,,,,,,,,,,0.252616228943615,,,,,,,,,,,,,,,,,,,,
PC31,AwayFifaAttack,0.18693297702943507,,,,,,,,,,,,,,,,,,,,,,,,,,,,,,,-0.18693297702943507,,,,,,,,,,,,,,,,,,,,
PC31,Bet365AwayWinOdds,0.12887454814803695,,,,,,,,,,,,,,,,,,,,,,,,,,,,,,,-0.12887454814803695,,,,,,,,,,,,,,,,,,,,
PC31,Bet365DrawOddsPercentage,0.11534771240962066,,,,,,,,,,,,,,,,,,,,,,,,,,,,,,,-0.11534771240962066,,,,,,,,,,,,,,,,,,,,
PC31,HomeFifaAttack,0.10671171157367987,,,,,,,,,,,,,,,,,,,,,,,,,,,,,,,0.10671171157367987,,,,,,,,,,,,,,,,,,,,
PC31,OddsDifference_HvD,0.10114886316758047,,,,,,,,,,,,,,,,,,,,,,,,,,,,,,,0.10114886316758047,,,,,,,,,,,,,,,,,,,,
PC31,Bet365DrawOdds,0.09771780562248222,,,,,,,,,,,,,,,,,,,,,,,,,,,,,,,-0.09771780562248222,,,,,,,,,,,,,,,,,,,,
PC32,HomeFifaDefence,0.6221379503859323,,,,,,,,,,,,,,,,,,,,,,,,,,,,,,,,0.6221379503859323,,,,,,,,,,,,,,,,,,,
PC32,HomeFifaMidfield,0.5852517131515811,,,,,,,,,,,,,,,,,,,,,,,,,,,,,,,,-0.5852517131515811,,,,,,,,,,,,,,,,,,,
PC32,AwayFifaDefence,0.2795962085972908,,,,,,,,,,,,,,,,,,,,,,,,,,,,,,,,0.2795962085972908,,,,,,,,,,,,,,,,,,,
PC32,AwayFifaMidfield,0.1894595098327646,,,,,,,,,,,,,,,,,,,,,,,,,,,,,,,,-0.1894595098327646,,,,,,,,,,,,,,,,,,,
PC32,Bet365AwayWinOdds,0.17043769311721108,,,,,,,,,,,,,,,,,,,,,,,,,,,,,,,,0.17043769311721108,,,,,,,,,,,,,,,,,,,
PC32,Bet365DrawOddsPercentage,0.1296930858849406,,,,,,,,,,,,,,,,,,,,,,,,,,,,,,,,0.1296930858849406,,,,,,,,,,,,,,,,,,,
PC32,AverageGoalsScoredAtHome,0.12183877476513763,,,,,,,,,,,,,,,,,,,,,,,,,,,,,,,,-0.12183877476513763,,,,,,,,,,,,,,,,,,,
PC32,Bet365DrawOdds,0.1153295317710502,,,,,,,,,,,,,,,,,,,,,,,,,,,,,,,,0.1153295317710502,,,,,,,,,,,,,,,,,,,
PC32,OddsDifference_HvD,0.1068764841074295,,,,,,,,,,,,,,,,,,,,,,,,,,,,,,,,-0.1068764841074295,,,,,,,,,,,,,,,,,,,
PC32,Bet365HomeWinOdds,0.10411697745608396,,,,,,,,,,,,,,,,,,,,,,,,,,,,,,,,-0.10411697745608396,,,,,,,,,,,,,,,,,,,
PC33,Bet365HomeWinOdds,0.44381388622767637,,,,,,,,,,,,,,,,,,,,,,,,,,,,,,,,,0.44381388622767637,,,,,,,,,,,,,,,,,,
PC33,AwayElo,0.4218096110259325,,,,,,,,,,,,,,,,,,,,,,,,,,,,,,,,,0.4218096110259325,,,,,,,,,,,,,,,,,,
PC33,EloTierAway,0.3925281312255649,,,,,,,,,,,,,,,,,,,,,,,,,,,,,,,,,0.3925281312255649,,,,,,,,,,,,,,,,,,
PC33,TotalGoalsConcededHome,0.24667088845809446,,,,,,,,,,,,,,,,,,,,,,,,,,,,,,,,,-0.24667088845809446,,,,,,,,,,,,,,,,,,
PC33,OddsDifference_AvD,0.19402663252808985,,,,,,,,,,,,,,,,,,,,,,,,,,,,,,,,,-0.19402663252808985,,,,,,,,,,,,,,,,,,
PC33,TotalWinsAway,0.1926155154901962,,,,,,,,,,,,,,,,,,,,,,,,,,,,,,,,,0.1926155154901962,,,,,,,,,,,,,,,,,,
PC33,HomeElo,0.1907180582615774,,,,,,,,,,,,,,,,,,,,,,,,,,,,,,,,,-0.1907180582615774,,,,,,,,,,,,,,,,,,
PC33,Bet365DrawOddsPercentage,0.1890415558279997,,,,,,,,,,,,,,,,,,,,,,,,,,,,,,,,,0.1890415558279997,,,,,,,,,,,,,,,,,,
PC33,TotalLossesHome,0.17538433848478657,,,,,,,,,,,,,,,,,,,,,,,,,,,,,,,,,0.17538433848478657,,,,,,,,,,,,,,,,,,
PC33,TotalLossesAway,0.15643455855818578,,,,,,,,,,,,,,,,,,,,,,,,,,,,,,,,,0.15643455855818578,,,,,,,,,,,,,,,,,,
PC34,HomeElo,0.4459237128658237,,,,,,,,,,,,,,,,,,,,,,,,,,,,,,,,,,0.4459237128658237,,,,,,,,,,,,,,,,,
PC34,EloTierHome,0.436456964602979,,,,,,,,,,,,,,,,,,,,,,,,,,,,,,,,,,0.436456964602979,,,,,,,,,,,,,,,,,
PC34,TotalGoalsConcededHome,0.3948000394536881,,,,,,,,,,,,,,,,,,,,,,,,,,,,,,,,,,-0.3948000394536881,,,,,,,,,,,,,,,,,
PC34,TotalGoalsScoredHome,0.3884287315312844,,,,,,,,,,,,,,,,,,,,,,,,,,,,,,,,,,-0.3884287315312844,,,,,,,,,,,,,,,,,
PC34,TotalGoalsScoredAway,0.26869453891316936,,,,,,,,,,,,,,,,,,,,,,,,,,,,,,,,,,0.26869453891316936,,,,,,,,,,,,,,,,,
PC34,TotalGoalsConcededAway,0.24176059464634966,,,,,,,,,,,,,,,,,,,,,,,,,,,,,,,,,,0.24176059464634966,,,,,,,,,,,,,,,,,
PC34,Bet365HomeWinOdds,0.1674378282524855,,,,,,,,,,,,,,,,,,,,,,,,,,,,,,,,,,0.1674378282524855,,,,,,,,,,,,,,,,,
PC34,AwayElo,0.13288400124140354,,,,,,,,,,,,,,,,,,,,,,,,,,,,,,,,,,-0.13288400124140354,,,,,,,,,,,,,,,,,
PC34,EloTierAway,0.1296498493350743,,,,,,,,,,,,,,,,,,,,,,,,,,,,,,,,,,-0.1296498493350743,,,,,,,,,,,,,,,,,
PC34,AverageGoalsScoredAtHome,0.1085760915039844,,,,,,,,,,,,,,,,,,,,,,,,,,,,,,,,,,0.1085760915039844,,,,,,,,,,,,,,,,,
PC35,TotalGoalsConcededAway,0.46839261630800955,,,,,,,,,,,,,,,,,,,,,,,,,,,,,,,,,,,0.46839261630800955,,,,,,,,,,,,,,,,
PC35,Bet365HomeWinOdds,0.39015249932768387,,,,,,,,,,,,,,,,,,,,,,,,,,,,,,,,,,,-0.39015249932768387,,,,,,,,,,,,,,,,
PC35,AwayElo,0.3866710465522719,,,,,,,,,,,,,,,,,,,,,,,,,,,,,,,,,,,0.3866710465522719,,,,,,,,,,,,,,,,
PC35,EloTierAway,0.3619774657453088,,,,,,,,,,,,,,,,,,,,,,,,,,,,,,,,,,,0.3619774657453088,,,,,,,,,,,,,,,,
PC35,TotalGoalsScoredAway,0.2988535583632379,,,,,,,,,,,,,,,,,,,,,,,,,,,,,,,,,,,0.2988535583632379,,,,,,,,,,,,,,,,
PC35,TotalGoalsConcededHome,0.20354059875035316,,,,,,,,,,,,,,,,,,,,,,,,,,,,,,,,,,,-0.20354059875035316,,,,,,,,,,,,,,,,
PC35,TotalGoalsScoredHome,0.15034297012167677,,,,,,,,,,,,,,,,,,,,,,,,,,,,,,,,,,,-0.15034297012167677,,,,,,,,,,,,,,,,
PC35,HomeElo,0.14953942691324215,,,,,,,,,,,,,,,,,,,,,,,,,,,,,,,,,,,-0.14953942691324215,,,,,,,,,,,,,,,,
PC35,EloTierHome,0.14511833400221602,,,,,,,,,,,,,,,,,,,,,,,,,,,,,,,,,,,-0.14511833400221602,,,,,,,,,,,,,,,,
PC35,OddsDifference_AvD,0.13782773074048726,,,,,,,,,,,,,,,,,,,,,,,,,,,,,,,,,,,0.13782773074048726,,,,,,,,,,,,,,,,
PC36,HomeElo,0.479583708248672,,,,,,,,,,,,,,,,,,,,,,,,,,,,,,,,,,,,0.479583708248672,,,,,,,,,,,,,,,
PC36,EloTierHome,0.4606768902837599,,,,,,,,,,,,,,,,,,,,,,,,,,,,,,,,,,,,0.4606768902837599,,,,,,,,,,,,,,,
PC36,AwayElo,0.39875307383234515,,,,,,,,,,,,,,,,,,,,,,,,,,,,,,,,,,,,0.39875307383234515,,,,,,,,,,,,,,,
PC36,EloTierAway,0.3980800574286532,,,,,,,,,,,,,,,,,,,,,,,,,,,,,,,,,,,,0.3980800574286532,,,,,,,,,,,,,,,
PC36,TotalGoalsConcededHome,0.29139486491490957,,,,,,,,,,,,,,,,,,,,,,,,,,,,,,,,,,,,0.29139486491490957,,,,,,,,,,,,,,,
PC36,TotalGoalsScoredAway,0.1738902769860405,,,,,,,,,,,,,,,,,,,,,,,,,,,,,,,,,,,,-0.1738902769860405,,,,,,,,,,,,,,,
PC36,TotalGoalsScoredHome,0.17024423085904666,,,,,,,,,,,,,,,,,,,,,,,,,,,,,,,,,,,,0.17024423085904666,,,,,,,,,,,,,,,
PC36,TotalGoalsConcededAway,0.1639801753035685,,,,,,,,,,,,,,,,,,,,,,,,,,,,,,,,,,,,-0.1639801753035685,,,,,,,,,,,,,,,
PC36,HomeFifaAttack,0.11319649114153037,,,,,,,,,,,,,,,,,,,,,,,,,,,,,,,,,,,,-0.11319649114153037,,,,,,,,,,,,,,,
PC36,Bet365HomeWinOdds,0.09663512132349765,,,,,,,,,,,,,,,,,,,,,,,,,,,,,,,,,,,,-0.09663512132349765,,,,,,,,,,,,,,,
PC37,Bet365HomeWinOdds,0.4088327953001958,,,,,,,,,,,,,,,,,,,,,,,,,,,,,,,,,,,,,0.4088327953001958,,,,,,,,,,,,,,
PC37,TotalGoalsConcededAway,0.3275195747020762,,,,,,,,,,,,,,,,,,,,,,,,,,,,,,,,,,,,,0.3275195747020762,,,,,,,,,,,,,,
PC37,Bet365DrawOddsPercentage,0.32634987895414314,,,,,,,,,,,,,,,,,,,,,,,,,,,,,,,,,,,,,0.32634987895414314,,,,,,,,,,,,,,
PC37,TotalGoalsConcededHome,0.2675250622836831,,,,,,,,,,,,,,,,,,,,,,,,,,,,,,,,,,,,,0.2675250622836831,,,,,,,,,,,,,,
PC37,OddsDifference_AvD,0.2571571889370548,,,,,,,,,,,,,,,,,,,,,,,,,,,,,,,,,,,,,-0.2571571889370548,,,,,,,,,,,,,,
PC37,TotalLossesAway,0.25454930503160683,,,,,,,,,,,,,,,,,,,,,,,,,,,,,,,,,,,,,-0.25454930503160683,,,,,,,,,,,,,,
PC37,TotalWinsHome,0.2499201627339265,,,,,,,,,,,,,,,,,,,,,,,,,,,,,,,,,,,,,-0.2499201627339265,,,,,,,,,,,,,,
PC37,TotalLossesHome,0.23968882173848413,,,,,,,,,,,,,,,,,,,,,,,,,,,,,,,,,,,,,-0.23968882173848413,,,,,,,,,,,,,,
PC37,TotalWinsAway,0.23907835205857622,,,,,,,,,,,,,,,,,,,,,,,,,,,,,,,,,,,,,-0.23907835205857622,,,,,,,,,,,,,,
PC37,TotalGoalsScoredAway,0.22891918595715335,,,,,,,,,,,,,,,,,,,,,,,,,,,,,,,,,,,,,0.22891918595715335,,,,,,,,,,,,,,
PC38,HomeFifaOverall,0.4758334575998509,,,,,,,,,,,,,,,,,,,,,,,,,,,,,,,,,,,,,,0.4758334575998509,,,,,,,,,,,,,
PC38,TotalGoalsScoredHome,0.4307070857952293,,,,,,,,,,,,,,,,,,,,,,,,,,,,,,,,,,,,,,0.4307070857952293,,,,,,,,,,,,,
PC38,TotalGoalsConcededHome,0.39269881251651756,,,,,,,,,,,,,,,,,,,,,,,,,,,,,,,,,,,,,,-0.39269881251651756,,,,,,,,,,,,,
PC38,TotalLossesHome,0.2881707042026624,,,,,,,,,,,,,,,,,,,,,,,,,,,,,,,,,,,,,,0.2881707042026624,,,,,,,,,,,,,
PC38,TotalWinsHome,0.28237505377791444,,,,,,,,,,,,,,,,,,,,,,,,,,,,,,,,,,,,,,-0.28237505377791444,,,,,,,,,,,,,
PC38,HomeFifaDefence,0.21594090227975213,,,,,,,,,,,,,,,,,,,,,,,,,,,,,,,,,,,,,,-0.21594090227975213,,,,,,,,,,,,,
PC38,Bet365AwayWinOdds,0.20219936188094834,,,,,,,,,,,,,,,,,,,,,,,,,,,,,,,,,,,,,,-0.20219936188094834,,,,,,,,,,,,,
PC38,TotalGoalsConcededAway,0.18205042046248462,,,,,,,,,,,,,,,,,,,,,,,,,,,,,,,,,,,,,,-0.18205042046248462,,,,,,,,,,,,,
PC38,HomeFifaMidfield,0.177990356296554,,,,,,,,,,,,,,,,,,,,,,,,,,,,,,,,,,,,,,-0.177990356296554,,,,,,,,,,,,,
PC38,Bet365DrawOdds,0.1624588498864002,,,,,,,,,,,,,,,,,,,,,,,,,,,,,,,,,,,,,,0.1624588498864002,,,,,,,,,,,,,
PC39,AwayFifaOverall,0.58088121492064,,,,,,,,,,,,,,,,,,,,,,,,,,,,,,,,,,,,,,,0.58088121492064,,,,,,,,,,,,
PC39,TotalGoalsScoredAway,0.39601628782282833,,,,,,,,,,,,,,,,,,,,,,,,,,,,,,,,,,,,,,,0.39601628782282833,,,,,,,,,,,,
PC39,TotalGoalsConcededAway,0.35541994841364005,,,,,,,,,,,,,,,,,,,,,,,,,,,,,,,,,,,,,,,-0.35541994841364005,,,,,,,,,,,,
PC39,AwayFifaDefence,0.2672938504706605,,,,,,,,,,,,,,,,,,,,,,,,,,,,,,,,,,,,,,,-0.2672938504706605,,,,,,,,,,,,
PC39,TotalLossesAway,0.25830272722,,,,,,,,,,,,,,,,,,,,,,,,,,,,,,,,,,,,,,,0.25830272722,,,,,,,,,,,,
PC39,TotalWinsAway,0.24634663427793782,,,,,,,,,,,,,,,,,,,,,,,,,,,,,,,,,,,,,,,-0.24634663427793782,,,,,,,,,,,,
PC39,HomeFifaOverall,0.23587399275613172,,,,,,,,,,,,,,,,,,,,,,,,,,,,,,,,,,,,,,,-0.23587399275613172,,,,,,,,,,,,
PC39,AwayFifaMidfield,0.1873322242938711,,,,,,,,,,,,,,,,,,,,,,,,,,,,,,,,,,,,,,,-0.1873322242938711,,,,,,,,,,,,
PC39,TotalGoalsScoredHome,0.14756881963289417,,,,,,,,,,,,,,,,,,,,,,,,,,,,,,,,,,,,,,,-0.14756881963289417,,,,,,,,,,,,
PC39,AwayFifaAttack,0.13636999959471638,,,,,,,,,,,,,,,,,,,,,,,,,,,,,,,,,,,,,,,-0.13636999959471638,,,,,,,,,,,,
PC40,Bet365DrawOdds,0.6096807657542043,,,,,,,,,,,,,,,,,,,,,,,,,,,,,,,,,,,,,,,,0.6096807657542043,,,,,,,,,,,
PC40,Bet365AwayWinOdds,0.5788208684326281,,,,,,,,,,,,,,,,,,,,,,,,,,,,,,,,,,,,,,,,-0.5788208684326281,,,,,,,,,,,
PC40,TotalGoalsScoredAway,0.24226764173798546,,,,,,,,,,,,,,,,,,,,,,,,,,,,,,,,,,,,,,,,-0.24226764173798546,,,,,,,,,,,
PC40,TotalWinsAway,0.21650760416852627,,,,,,,,,,,,,,,,,,,,,,,,,,,,,,,,,,,,,,,,0.21650760416852627,,,,,,,,,,,
PC40,HomeFifaOverall,0.18591950070755808,,,,,,,,,,,,,,,,,,,,,,,,,,,,,,,,,,,,,,,,-0.18591950070755808,,,,,,,,,,,
PC40,Bet365HomeWinOdds,0.1681183290920706,,,,,,,,,,,,,,,,,,,,,,,,,,,,,,,,,,,,,,,,-0.1681183290920706,,,,,,,,,,,
PC40,TotalGoalsScoredHome,0.13504691338238645,,,,,,,,,,,,,,,,,,,,,,,,,,,,,,,,,,,,,,,,-0.13504691338238645,,,,,,,,,,,
PC40,Bet365DrawOddsPercentage,0.13197314005529315,,,,,,,,,,,,,,,,,,,,,,,,,,,,,,,,,,,,,,,,0.13197314005529315,,,,,,,,,,,
PC40,TotalWinsHome,0.12702925276872484,,,,,,,,,,,,,,,,,,,,,,,,,,,,,,,,,,,,,,,,0.12702925276872484,,,,,,,,,,,
PC40,OddsFavourAway,0.12215837163822582,,,,,,,,,,,,,,,,,,,,,,,,,,,,,,,,,,,,,,,,0.12215837163822582,,,,,,,,,,,
PC41,HomeFifaOverall,0.5537294992195991,,,,,,,,,,,,,,,,,,,,,,,,,,,,,,,,,,,,,,,,,0.5537294992195991,,,,,,,,,,
PC41,TotalGoalsScoredHome,0.3888308356973092,,,,,,,,,,,,,,,,,,,,,,,,,,,,,,,,,,,,,,,,,-0.3888308356973092,,,,,,,,,,
PC41,TotalGoalsConcededHome,0.33326103511459926,,,,,,,,,,,,,,,,,,,,,,,,,,,,,,,,,,,,,,,,,0.33326103511459926,,,,,,,,,,
PC41,TotalWinsHome,0.25945933754350103,,,,,,,,,,,,,,,,,,,,,,,,,,,,,,,,,,,,,,,,,0.25945933754350103,,,,,,,,,,
PC41,TotalLossesHome,0.24800851357423856,,,,,,,,,,,,,,,,,,,,,,,,,,,,,,,,,,,,,,,,,-0.24800851357423856,,,,,,,,,,
PC41,HomeFifaAttack,0.20381240108246487,,,,,,,,,,,,,,,,,,,,,,,,,,,,,,,,,,,,,,,,,-0.20381240108246487,,,,,,,,,,
PC41,HomeFifaMidfield,0.19823482745194096,,,,,,,,,,,,,,,,,,,,,,,,,,,,,,,,,,,,,,,,,-0.19823482745194096,,,,,,,,,,
PC41,AwayFifaOverall,0.18824582310970242,,,,,,,,,,,,,,,,,,,,,,,,,,,,,,,,,,,,,,,,,-0.18824582310970242,,,,,,,,,,
PC41,HomeFifaDefence,0.16585036251411425,,,,,,,,,,,,,,,,,,,,,,,,,,,,,,,,,,,,,,,,,-0.16585036251411425,,,,,,,,,,
PC41,TotalGoalsConcededAway,0.1641261911622344,,,,,,,,,,,,,,,,,,,,,,,,,,,,,,,,,,,,,,,,,-0.1641261911622344,,,,,,,,,,
PC42,AwayFifaOverall,0.5706899126722915,,,,,,,,,,,,,,,,,,,,,,,,,,,,,,,,,,,,,,,,,,0.5706899126722915,,,,,,,,,
PC42,TotalGoalsScoredAway,0.3462751979298772,,,,,,,,,,,,,,,,,,,,,,,,,,,,,,,,,,,,,,,,,,-0.3462751979298772,,,,,,,,,
PC42,HomeFifaOverall,0.3322604729722542,,,,,,,,,,,,,,,,,,,,,,,,,,,,,,,,,,,,,,,,,,0.3322604729722542,,,,,,,,,
PC42,TotalGoalsConcededAway,0.30680776570889623,,,,,,,,,,,,,,,,,,,,,,,,,,,,,,,,,,,,,,,,,,0.30680776570889623,,,,,,,,,
PC42,TotalWinsAway,0.23889471471421606,,,,,,,,,,,,,,,,,,,,,,,,,,,,,,,,,,,,,,,,,,0.23889471471421606,,,,,,,,,
PC42,TotalLossesAway,0.21630551140803841,,,,,,,,,,,,,,,,,,,,,,,,,,,,,,,,,,,,,,,,,,-0.21630551140803841,,,,,,,,,
PC42,AwayFifaMidfield,0.21590560314487264,,,,,,,,,,,,,,,,,,,,,,,,,,,,,,,,,,,,,,,,,,-0.21590560314487264,,,,,,,,,
PC42,AwayFifaAttack,0.19051069601468457,,,,,,,,,,,,,,,,,,,,,,,,,,,,,,,,,,,,,,,,,,-0.19051069601468457,,,,,,,,,
PC42,AwayFifaDefence,0.16641451755268422,,,,,,,,,,,,,,,,,,,,,,,,,,,,,,,,,,,,,,,,,,-0.16641451755268422,,,,,,,,,
PC42,OddsFavourHome,0.14384046885038757,,,,,,,,,,,,,,,,,,,,,,,,,,,,,,,,,,,,,,,,,,0.14384046885038757,,,,,,,,,
PC43,OddsFavourHome,0.683574846334969,,,,,,,,,,,,,,,,,,,,,,,,,,,,,,,,,,,,,,,,,,,0.683574846334969,,,,,,,,
PC43,OddsFavourAway,0.6829448991724769,,,,,,,,,,,,,,,,,,,,,,,,,,,,,,,,,,,,,,,,,,,0.6829448991724769,,,,,,,,
PC43,AwayFifaOverall,0.11898533515916214,,,,,,,,,,,,,,,,,,,,,,,,,,,,,,,,,,,,,,,,,,,-0.11898533515916214,,,,,,,,
PC43,TotalGoalsScoredAway,0.10672222710432762,,,,,,,,,,,,,,,,,,,,,,,,,,,,,,,,,,,,,,,,,,,0.10672222710432762,,,,,,,,
PC43,TotalWinsAway,0.07876943115014526,,,,,,,,,,,,,,,,,,,,,,,,,,,,,,,,,,,,,,,,,,,-0.07876943115014526,,,,,,,,
PC43,TotalGoalsConcededAway,0.07607104871201799,,,,,,,,,,,,,,,,,,,,,,,,,,,,,,,,,,,,,,,,,,,-0.07607104871201799,,,,,,,,
PC43,Bet365DrawOdds,0.06732789781306141,,,,,,,,,,,,,,,,,,,,,,,,,,,,,,,,,,,,,,,,,,,-0.06732789781306141,,,,,,,,
PC43,TotalGoalsScoredHome,0.06426598078256038,,,,,,,,,,,,,,,,,,,,,,,,,,,,,,,,,,,,,,,,,,,0.06426598078256038,,,,,,,,
PC43,TotalLossesAway,0.05922545175934617,,,,,,,,,,,,,,,,,,,,,,,,,,,,,,,,,,,,,,,,,,,0.05922545175934617,,,,,,,,
PC43,TotalGoalsConcededHome,0.05343509099191751,,,,,,,,,,,,,,,,,,,,,,,,,,,,,,,,,,,,,,,,,,,-0.05343509099191751,,,,,,,,
PC44,HomeAdvantageIndex,0.6938196792097586,,,,,,,,,,,,,,,,,,,,,,,,,,,,,,,,,,,,,,,,,,,,0.6938196792097586,,,,,,,
PC44,HomeForm,0.5213732158890644,,,,,,,,,,,,,,,,,,,,,,,,,,,,,,,,,,,,,,,,,,,,-0.5213732158890644,,,,,,,
PC44,AwayForm,0.4939785061503817,,,,,,,,,,,,,,,,,,,,,,,,,,,,,,,,,,,,,,,,,,,,0.4939785061503817,,,,,,,
PC44,HomeFifaDefence,0.02072165728013554,,,,,,,,,,,,,,,,,,,,,,,,,,,,,,,,,,,,,,,,,,,,0.02072165728013554,,,,,,,
PC44,TotalWinsAway,0.020464127998047765,,,,,,,,,,,,,,,,,,,,,,,,,,,,,,,,,,,,,,,,,,,,0.020464127998047765,,,,,,,
PC44,Bet365AwayWinOdds,0.019231045253337808,,,,,,,,,,,,,,,,,,,,,,,,,,,,,,,,,,,,,,,,,,,,-0.019231045253337808,,,,,,,
PC44,AwayElo,0.018407264972587562,,,,,,,,,,,,,,,,,,,,,,,,,,,,,,,,,,,,,,,,,,,,-0.018407264972587562,,,,,,,
PC44,HomeFifaOverall,0.012695368959739132,,,,,,,,,,,,,,,,,,,,,,,,,,,,,,,,,,,,,,,,,,,,-0.012695368959739132,,,,,,,
PC44,TotalWinsHome,0.011418395743427796,,,,,,,,,,,,,,,,,,,,,,,,,,,,,,,,,,,,,,,,,,,,-0.011418395743427796,,,,,,,
PC44,EloTierAway,0.01016493555955374,,,,,,,,,,,,,,,,,,,,,,,,,,,,,,,,,,,,,,,,,,,,-0.01016493555955374,,,,,,,
PC45,TotalWinsHome,0.4781921574750296,,,,,,,,,,,,,,,,,,,,,,,,,,,,,,,,,,,,,,,,,,,,,0.4781921574750296,,,,,,
PC45,TotalWinsAway,0.4680140012172629,,,,,,,,,,,,,,,,,,,,,,,,,,,,,,,,,,,,,,,,,,,,,-0.4680140012172629,,,,,,
PC45,TotalLossesHome,0.45406971256298,,,,,,,,,,,,,,,,,,,,,,,,,,,,,,,,,,,,,,,,,,,,,0.45406971256298,,,,,,
PC45,TotalLossesAway,0.4526871582242801,,,,,,,,,,,,,,,,,,,,,,,,,,,,,,,,,,,,,,,,,,,,,-0.4526871582242801,,,,,,
PC45,TotalDrawsAway,0.26214062599035337,,,,,,,,,,,,,,,,,,,,,,,,,,,,,,,,,,,,,,,,,,,,,-0.26214062599035337,,,,,,
PC45,TotalDrawsHome,0.26190038159690926,,,,,,,,,,,,,,,,,,,,,,,,,,,,,,,,,,,,,,,,,,,,,0.26190038159690926,,,,,,
PC45,TotalGoalsScoredHome,0.02958045516733664,,,,,,,,,,,,,,,,,,,,,,,,,,,,,,,,,,,,,,,,,,,,,-0.02958045516733664,,,,,,
PC45,TotalGoalsConcededHome,0.023841958776369927,,,,,,,,,,,,,,,,,,,,,,,,,,,,,,,,,,,,,,,,,,,,,-0.023841958776369927,,,,,,
PC45,TotalGoalsScoredAway,0.021524145064804528,,,,,,,,,,,,,,,,,,,,,,,,,,,,,,,,,,,,,,,,,,,,,0.021524145064804528,,,,,,
PC45,TotalGoalsConcededAway,0.0206862075789055,,,,,,,,,,,,,,,,,,,,,,,,,,,,,,,,,,,,,,,,,,,,,0.0206862075789055,,,,,,
PC46,GeneralFormDifference,0.668084612925697,,,,,,,,,,,,,,,,,,,,,,,,,,,,,,,,,,,,,,,,,,,,,,0.668084612925697,,,,,
PC46,AwayGeneralForm,0.5295925814936082,,,,,,,,,,,,,,,,,,,,,,,,,,,,,,,,,,,,,,,,,,,,,,0.5295925814936082,,,,,
PC46,HomeGeneralForm,0.5223783364643257,,,,,,,,,,,,,,,,,,,,,,,,,,,,,,,,,,,,,,,,,,,,,,-0.5223783364643257,,,,,
PC46,TotalWinsAway,0.008404763637542088,,,,,,,,,,,,,,,,,,,,,,,,,,,,,,,,,,,,,,,,,,,,,,-0.008404763637542088,,,,,
PC46,TotalLossesHome,0.00767830316815812,,,,,,,,,,,,,,,,,,,,,,,,,,,,,,,,,,,,,,,,,,,,,,0.00767830316815812,,,,,
PC46,TotalLossesAway,0.00718698394006879,,,,,,,,,,,,,,,,,,,,,,,,,,,,,,,,,,,,,,,,,,,,,,-0.00718698394006879,,,,,
PC46,TotalWinsHome,0.0065961697192901455,,,,,,,,,,,,,,,,,,,,,,,,,,,,,,,,,,,,,,,,,,,,,,0.0065961697192901455,,,,,
PC46,TotalDrawsAway,0.004541458590470837,,,,,,,,,,,,,,,,,,,,,,,,,,,,,,,,,,,,,,,,,,,,,,-0.004541458590470837,,,,,
PC46,TotalDrawsHome,0.00428823104476114,,,,,,,,,,,,,,,,,,,,,,,,,,,,,,,,,,,,,,,,,,,,,,0.00428823104476114,,,,,
PC46,HomeFifaOverall,0.004254624650676822,,,,,,,,,,,,,,,,,,,,,,,,,,,,,,,,,,,,,,,,,,,,,,-0.004254624650676822,,,,,
PC47,Bet365HomeWinOddsPercentage,0.8199746060610374,,,,,,,,,,,,,,,,,,,,,,,,,,,,,,,,,,,,,,,,,,,,,,,0.8199746060610374,,,,
PC47,Bet365AwayWinOddsPercentage,0.50101000381168,,,,,,,,,,,,,,,,,,,,,,,,,,,,,,,,,,,,,,,,,,,,,,,0.50101000381168,,,,
PC47,OddsDifference_HvD,0.24879878373258543,,,,,,,,,,,,,,,,,,,,,,,,,,,,,,,,,,,,,,,,,,,,,,,-0.24879878373258543,,,,
PC47,Bet365DrawOddsPercentage,0.08437028069444474,,,,,,,,,,,,,,,,,,,,,,,,,,,,,,,,,,,,,,,,,,,,,,,0.08437028069444474,,,,
PC47,OddsDifference_HvA,0.0650077178856573,,,,,,,,,,,,,,,,,,,,,,,,,,,,,,,,,,,,,,,,,,,,,,,-0.0650077178856573,,,,
PC47,OddsFavourDraw,0.057011402348785746,,,,,,,,,,,,,,,,,,,,,,,,,,,,,,,,,,,,,,,,,,,,,,,-0.057011402348785746,,,,
PC47,OddsDifference_AvD,0.01162493277047923,,,,,,,,,,,,,,,,,,,,,,,,,,,,,,,,,,,,,,,,,,,,,,,-0.01162493277047923,,,,
PC47,GeneralFormDifference,1.7274715323688486e-12,,,,,,,,,,,,,,,,,,,,,,,,,,,,,,,,,,,,,,,,,,,,,,,1.7274715323688486e-12,,,,
PC47,AwayGeneralForm,1.3696860538888943e-12,,,,,,,,,,,,,,,,,,,,,,,,,,,,,,,,,,,,,,,,,,,,,,,1.3696860538888943e-12,,,,
PC47,HomeGeneralForm,1.348337690671287e-12,,,,,,,,,,,,,,,,,,,,,,,,,,,,,,,,,,,,,,,,,,,,,,,-1.348337690671287e-12,,,,
PC48,Bet365AwayWinOddsPercentage,0.5880578421795923,,,,,,,,,,,,,,,,,,,,,,,,,,,,,,,,,,,,,,,,,,,,,,,,0.5880578421795923,,,
PC48,OddsFavourDraw,0.5133044335790227,,,,,,,,,,,,,,,,,,,,,,,,,,,,,,,,,,,,,,,,,,,,,,,,-0.5133044335790227,,,
PC48,OddsDifference_HvA,0.41357492219586567,,,,,,,,,,,,,,,,,,,,,,,,,,,,,,,,,,,,,,,,,,,,,,,,0.41357492219586567,,,
PC48,Bet365HomeWinOddsPercentage,0.3015721761115979,,,,,,,,,,,,,,,,,,,,,,,,,,,,,,,,,,,,,,,,,,,,,,,,-0.3015721761115979,,,
PC48,OddsDifference_AvD,0.2903749772931277,,,,,,,,,,,,,,,,,,,,,,,,,,,,,,,,,,,,,,,,,,,,,,,,-0.2903749772931277,,,
PC48,OddsDifference_HvD,0.21054083107491395,,,,,,,,,,,,,,,,,,,,,,,,,,,,,,,,,,,,,,,,,,,,,,,,0.21054083107491395,,,
PC48,Bet365DrawOddsPercentage,0.008453996540145687,,,,,,,,,,,,,,,,,,,,,,,,,,,,,,,,,,,,,,,,,,,,,,,,-0.008453996540145687,,,
PC48,GeneralFormDifference,2.5456215622580625e-12,,,,,,,,,,,,,,,,,,,,,,,,,,,,,,,,,,,,,,,,,,,,,,,,2.5456215622580625e-12,,,
PC48,AwayGeneralForm,2.0189697804239397e-12,,,,,,,,,,,,,,,,,,,,,,,,,,,,,,,,,,,,,,,,,,,,,,,,2.0189697804239397e-12,,,
PC48,HomeGeneralForm,1.9890099784466708e-12,,,,,,,,,,,,,,,,,,,,,,,,,,,,,,,,,,,,,,,,,,,,,,,,-1.9890099784466708e-12,,,
PC49,OddsFavourDraw,0.6144042142423173,,,,,,,,,,,,,,,,,,,,,,,,,,,,,,,,,,,,,,,,,,,,,,,,,0.6144042142423173,,
PC49,OddsDifference_AvD,0.6138658239586625,,,,,,,,,,,,,,,,,,,,,,,,,,,,,,,,,,,,,,,,,,,,,,,,,-0.6138658239586625,,
PC49,Bet365AwayWinOddsPercentage,0.3201997306138632,,,,,,,,,,,,,,,,,,,,,,,,,,,,,,,,,,,,,,,,,,,,,,,,,0.3201997306138632,,
PC49,OddsDifference_HvA,0.277201003906053,,,,,,,,,,,,,,,,,,,,,,,,,,,,,,,,,,,,,,,,,,,,,,,,,-0.277201003906053,,
PC49,Bet365DrawOddsPercentage,0.19477187170126767,,,,,,,,,,,,,,,,,,,,,,,,,,,,,,,,,,,,,,,,,,,,,,,,,-0.19477187170126767,,
PC49,Bet365HomeWinOddsPercentage,0.13170344545945142,,,,,,,,,,,,,,,,,,,,,,,,,,,,,,,,,,,,,,,,,,,,,,,,,-0.13170344545945142,,
PC49,OddsDifference_HvD,0.10500508603498228,,,,,,,,,,,,,,,,,,,,,,,,,,,,,,,,,,,,,,,,,,,,,,,,,0.10500508603498228,,
PC49,GeneralFormDifference,4.296421342299178e-12,,,,,,,,,,,,,,,,,,,,,,,,,,,,,,,,,,,,,,,,,,,,,,,,,4.296421342299178e-12,,
PC49,AwayGeneralForm,3.408086368442934e-12,,,,,,,,,,,,,,,,,,,,,,,,,,,,,,,,,,,,,,,,,,,,,,,,,3.408086368442934e-12,,
PC49,HomeGeneralForm,3.3572339990075288e-12,,,,,,,,,,,,,,,,,,,,,,,,,,,,,,,,,,,,,,,,,,,,,,,,,-3.3572339990075288e-12,,
PC50,OddsDifference_HvD,0.7412081271316088,,,,,,,,,,,,,,,,,,,,,,,,,,,,,,,,,,,,,,,,,,,,,,,,,,0.7412081271316088,
PC50,OddsDifference_HvA,0.543240608801611,,,,,,,,,,,,,,,,,,,,,,,,,,,,,,,,,,,,,,,,,,,,,,,,,,-0.543240608801611,
PC50,Bet365DrawOddsPercentage,0.3128078925298483,,,,,,,,,,,,,,,,,,,,,,,,,,,,,,,,,,,,,,,,,,,,,,,,,,0.3128078925298483,
PC50,OddsFavourDraw,0.181942377253125,,,,,,,,,,,,,,,,,,,,,,,,,,,,,,,,,,,,,,,,,,,,,,,,,,-0.181942377253125,
PC50,OddsDifference_AvD,0.10286687772878925,,,,,,,,,,,,,,,,,,,,,,,,,,,,,,,,,,,,,,,,,,,,,,,,,,0.10286687772878925,
PC50,Bet365HomeWinOddsPercentage,0.09929832644210772,,,,,,,,,,,,,,,,,,,,,,,,,,,,,,,,,,,,,,,,,,,,,,,,,,0.09929832644210772,
PC50,Bet365AwayWinOddsPercentage,0.06408271830651317,,,,,,,,,,,,,,,,,,,,,,,,,,,,,,,,,,,,,,,,,,,,,,,,,,0.06408271830651317,
PC50,GeneralFormDifference,1.0027144402960676e-12,,,,,,,,,,,,,,,,,,,,,,,,,,,,,,,,,,,,,,,,,,,,,,,,,,1.0027144402960676e-12,
PC50,AwayGeneralForm,7.968009497045644e-13,,,,,,,,,,,,,,,,,,,,,,,,,,,,,,,,,,,,,,,,,,,,,,,,,,7.968009497045644e-13,
PC50,HomeGeneralForm,7.81748950552685e-13,,,,,,,,,,,,,,,,,,,,,,,,,,,,,,,,,,,,,,,,,,,,,,,,,,-7.81748950552685e-13,
PC51,OddsFavourDraw,0.5680428604877509,,,,,,,,,,,,,,,,,,,,,,,,,,,,,,,,,,,,,,,,,,,,,,,,,,,0.5680428604877509
PC51,OddsDifference_HvA,0.4930237781457013,,,,,,,,,,,,,,,,,,,,,,,,,,,,,,,,,,,,,,,,,,,,,,,,,,,0.4930237781457013
PC51,OddsDifference_AvD,0.43335475833341114,,,,,,,,,,,,,,,,,,,,,,,,,,,,,,,,,,,,,,,,,,,,,,,,,,,0.43335475833341114
PC51,Bet365DrawOddsPercentage,0.31168821370442495,,,,,,,,,,,,,,,,,,,,,,,,,,,,,,,,,,,,,,,,,,,,,,,,,,,0.31168821370442495
PC51,OddsDifference_HvD,0.28911335255366905,,,,,,,,,,,,,,,,,,,,,,,,,,,,,,,,,,,,,,,,,,,,,,,,,,,0.28911335255366905
PC51,Bet365AwayWinOddsPercentage,0.25586674673824505,,,,,,,,,,,,,,,,,,,,,,,,,,,,,,,,,,,,,,,,,,,,,,,,,,,0.25586674673824505
PC51,Bet365HomeWinOddsPercentage,0.01595778769543152,,,,,,,,,,,,,,,,,,,,,,,,,,,,,,,,,,,,,,,,,,,,,,,,,,,-0.01595778769543152
PC51,GeneralFormDifference,9.478853518867928e-13,,,,,,,,,,,,,,,,,,,,,,,,,,,,,,,,,,,,,,,,,,,,,,,,,,,-9.478853518867928e-13
PC51,AwayGeneralForm,7.525609726907574e-13,,,,,,,,,,,,,,,,,,,,,,,,,,,,,,,,,,,,,,,,,,,,,,,,,,,-7.525609726907574e-13
PC51,HomeGeneralForm,7.387913480449774e-13,,,,,,,,,,,,,,,,,,,,,,,,,,,,,,,,,,,,,,,,,,,,,,,,,,,7.387913480449774e-13
